cusip,eligible
36241LGU4,t
36225ACD0,t
3622A2AX0,t
36225AV23,t
3622A2Z96,t
36241LPN0,t
3622AAAQ7,t
36241KTK4,t
36241LP34,t
3622A26P2,f
36241LK70,f
36241LJK3,t
36241K2F4,t
36241KA65,t
3622A3BS8,f
36225ATG5,t
3622ABBJ0,f
36241K5Z7,f
3622AA4P6,f
3622A2RS3,f
36241KCK2,t
3622AAQG2,f
36225BUY2,t
36241LUE4,t
36241LS23,t
3622AAV84,f
36241LGD2,t
36241LGV2,t
36225BXT0,t
36241KQU5,t
36225BYP7,t
36241LBV7,t
36241K3B2,f
3622A2HY1,f
36225BGW2,t
36225BE95,t
3622AAE91,t
36225AVA5,t
36225BTU2,t
36241KND6,f
36241L2A3,t
36225BLU0,t
36241LKJ4,t
3622A2X23,t
36225A4P2,t
3622A2RA2,t
36225A4M9,t
36241KJP4,t
3622A2FK3,t
36241KDH8,t
36241KC48,t
36225BBQ0,t
36241L4E3,t
3622A2MS8,f
3622A2Y97,t
36241KX29,t
3622A2P22,t
3622AACL6,f
36225BGE2,t
36241KY51,t
36241KU48,t
3622AACM4,f
36241LUF1,t
3622AABS2,f
3622A2VT6,t
36225BM47,t
3622A2M41,t
36241KVY1,t
3622AAZU1,f
3622AADY7,f
36241KHH4,t
36225BWT1,t
3622AAQA5,f
36225BS90,t
3622AAV68,f
3622AAP81,t
3622A2SS2,f
36241K7C6,t
3622AACJ1,f
36241KHE1,t
36241LMZ6,t
3622AATZ7,f
36225BZG6,t
3622A2A44,f
36225ANF3,t
3622AAFD1,f
3622A2M66,t
36241LP75,f
36241KW46,t
3622A2U26,f
36225BKC1,t
3622A2KE1,t
36225BNQ7,t
36225B5G9,t
3622AAL77,f
36241LCB0,t
3622A2Z70,t
36241L7C4,t
3622AA2Q6,f
3622AA3F9,f
3622AADL5,f
36225B4T2,t
3622A2SQ6,f
36241KUV8,f
36241LC53,t
3622AA3S1,t
36241KKG2,t
3622AAKP8,f
36241LT55,f
3622AAHM9,t
3622A24C3,t
3622A2CE0,t
36225AUM0,t
3622AAYC2,f
36225AB66,t
36225BUC0,t
3622A2R95,t
36241K2W7,t
36225BYV4,t
36241LU95,f
3622A25Z1,t
3622A2PW6,f
36241LVZ6,f
36241KY77,t
3622ABA44,f
36241KFD5,t
36241LP59,t
36241LNH5,t
3622A2QE5,t
3622A2LU4,t
3622A3CA6,f
3622A2UJ9,t
36225BNE4,t
36241LVC7,t
3622AAM84,f
36241KMC9,t
3622A2T44,t
36225AGW4,t
3622A22P6,f
3622A2EK4,f
36241KHU5,t
36241K7M4,f
36225BQ68,t
36241LTC0,t
3622AA2H6,f
36225BCA4,t
36225BLG1,t
3622AADH4,f
36241KJD1,t
3622A2GN6,t
36225B5J3,t
36225BFC7,t
3622A2AS1,f
36225BLE6,t
3622AAVQ4,f
36225AZN3,t
36225ACS7,t
36241KTV0,t
3622AAGR9,f
36241KW87,f
3622A2P89,t
3622A2AT9,t
36225BMQ8,t
3622ABBD3,f
3622AABE3,t
3622AAV92,f
36241LZ41,t
36241L4D5,t
3622AAY73,f
36241LVA1,f
3622AA4D3,f
3622A2RT1,t
3622A2EW8,t
3622A2YS5,f
3622AADM3,t
3622A2WU2,t
3622A3CL2,f
3622AAZ56,f
36241KTM0,t
36225AMX5,t
36225BJH2,t
36241LUK0,f
36241LHC3,t
36225BV88,t
3622AAF33,t
3622AAT87,t
3622A2PK2,f
3622A2TH5,t
3622A2FE7,t
3622AAY32,f
36241KDW5,t
36225ANQ9,t
36241KRS9,t
3622A2WK4,t
3622AAHH0,t
3622A2H54,t
36225AXC9,t
36241KXY9,t
36225ALC2,t
36225BMH8,t
36225BBZ0,t
36241LDP8,t
36225A5V8,t
3622AAUD4,f
36241LXE1,t
3622A2DH2,f
3622AAE42,f
36241KE95,t
36241LNY8,t
36241K5G9,f
36241LZH2,f
36241LES1,f
3622A2V74,f
36241K4Z8,t
3622AASS4,t
3622A2A69,t
36241LGW0,t
36225AMF4,t
36241LYL4,t
36241KAU2,t
3622AAL28,f
3622AATD6,t
36241L3V6,t
3622AAZT4,f
36241KRF7,t
36225BGH5,t
3622A2V33,t
36241LE28,t
36241L3G9,t
3622AAS54,f
3622A2BM3,t
3622AAZL1,f
36241K5F1,t
36225AZB9,t
36241KGL6,t
36241LFY7,f
3622A24D1,t
3622AAKZ6,t
3622A2FV9,f
36241KBK3,t
3622A2KZ4,f
3622A2K92,f
3622AATE4,f
36225BZT8,t
36241KKX5,t
36241LPY6,t
36225BSJ8,t
36225BEN4,t
3622AAPJ7,f
36241LAB2,t
36241LKU9,t
3622A2CQ3,t
36241L5F9,f
36241KE46,t
3622A2DK5,t
36225BVY1,t
3622A22X9,f
3622ABB76,f
3622AASY1,t
3622AAGU2,t
36241KYN2,t
36241KPB8,f
36241KXA1,t
36241LWM4,f
36241LZF6,t
3622AAZD9,f
36225BMW5,t
36241KZG6,t
36225BU63,t
36225AY79,t
3622AAW59,f
36241KNS3,t
3622AA5D2,f
3622ABA93,f
3622AANP5,f
3622A2UZ3,t
36225BY36,t
36241LXD3,f
36241LT89,t
36225BZ35,t
3622AA2W3,f
3622AAYX6,f
3622A3CF5,t
3622AADN1,f
3622AAUA0,f
3622AAT46,f
3622AA4Z4,t
36241LH66,t
36225AR93,t
3622A26S6,f
36241LRH1,f
36241KXC7,f
36225AXM7,t
3622AAEG5,t
3622A3AT7,f
3622AAMD3,f
3622A2FZ0,t
3622A2XT4,t
3622AARM8,t
36241KLP1,t
3622AAGQ1,f
36241KWW4,t
36225AWX4,t
36225AN63,t
3622AA3U6,f
36225BG93,t
36225BKR8,t
36241LPB6,t
36241LSC1,t
3622ABAL6,t
36241LYY6,f
36241LXY7,t
3622A2PT3,f
36241LXC5,t
3622AAEM2,f
36225AEJ5,t
36241KNC8,f
36241LHE9,t
36241KXZ6,t
36241KBS6,t
3622AAVL5,f
36225AZP8,t
36241L6L5,t
36241L4H6,f
36225AMU1,t
36241LCV6,t
36225BMM7,t
36241LDN3,t
36225B2S6,t
3622A2AC6,t
36241LDY9,f
36225BKL1,t
3622A2BG6,t
36241LVW3,f
36241KTE8,t
3622AAM43,f
36225BZ68,t
36241K4F2,f
36225AA83,t
3622AAMG6,f
3622AAEA8,f
36241L5T9,t
3622A22Z4,f
3622A2R87,t
3622A2W32,t
3622A2R46,f
36241LPJ9,f
36241KJY5,t
3622A2D41,f
3622A2BL5,f
36241LDB9,t
3622A2AP7,t
36241LZ82,t
36225BFG8,t
3622AALW2,f
3622AAJT2,f
3622AAX33,f
3622A2K50,t
36241KV54,t
36241LPM2,t
3622A2A51,t
3622A2GG1,t
3622AACE2,f
3622A22T8,t
3622AAXX7,f
36225BGN2,t
3622AAAW4,t
3622A2BA9,f
36241KWA2,t
36225B4E5,t
3622A3CT5,t
36241LQ74,t
3622AA4W1,f
36241KYE2,t
36241KS74,t
36241KM70,t
3622A2W99,t
36225AVP2,t
36241KR67,t
3622A2GV8,f
36225A6J4,t
36225AH29,t
3622ABAZ5,f
36241L6B7,f
36225AVY3,t
3622A2Z54,f
3622AARZ9,f
36225AHB9,t
36241K2X5,t
3622AAVA9,t
3622AAHG2,t
36225AKF6,t
36225BD88,t
36241KSM1,t
36225B7B8,t
36225BPP7,t
3622AAMN1,f
3622A2JY9,t
3622AA4B7,f
3622A2CM2,f
36241KLB2,t
36225BXV5,t
36241KLR7,f
36241KP44,t
36241KSU3,t
36241KTB4,t
36241KHG6,t
3622AALD4,f
36241K6N3,f
36241LD60,t
3622AAXH2,t
36241K5N4,f
36241KJ33,t
36225AA91,t
3622ABBL5,f
3622AACX0,t
36225ATS9,t
36241KRA8,f
36241KPG7,t
36225BAP3,t
3622A26Y3,t
3622AAVM3,f
36241LLM6,t
3622AARX4,f
3622AADR2,f
3622A3AJ9,f
36241LXG6,t
36241LAU0,t
3622AAXK5,t
3622AADT8,t
3622A3BG4,t
3622A2UD2,f
3622A2AZ5,f
3622AAPY4,f
3622A2S86,f
36241K5B0,t
36241LAG1,t
3622AANQ3,t
3622A2ZL9,f
36225BJG4,t
36225BC71,t
3622A2T28,t
3622A2Q70,t
36225A7B0,t
36241KXH6,t
3622A2TQ5,f
36241L4C7,t
36241LMR4,t
36241KRE0,t
36225BZA9,t
36241LYT7,f
3622AADB7,t
3622AA2Z6,f
36241LFE1,t
3622A2HD7,t
36225BCN6,t
36225AQQ6,t
36225BWR5,t
3622A26K3,f
36241KC55,t
36225BZ50,t
3622A22V3,f
36241LUQ7,t
3622AAHA5,f
3622A3BV1,f
3622A26M9,f
3622A24B5,f
3622A2RP9,t
36225BPB8,t
36225ALU2,t
3622A2UF7,t
36241KV62,t
36241LD94,t
36241LH58,f
36241KBR8,t
3622AAMW1,f
36225AAK6,t
36225A2E9,t
36241LCS3,t
36225AWT3,t
36241LLW4,t
36241LKC9,t
36241KRJ9,t
36225BAC2,t
3622A2XG2,t
36241L2T2,f
36225BXE3,t
36225ADA5,t
36241KK98,t
36241K6C7,t
36225BHM3,t
36241LMG8,t
36241KX52,f
36225BL71,t
36225BRJ9,t
3622AAF41,t
36241LP42,t
36225AUD0,t
36225A6G0,t
3622A2PC0,f
3622AADZ4,f
3622AAUS1,f
36241KRP5,t
36241K3A4,f
3622AAKQ6,t
3622A2PZ9,f
36241KT32,t
36241KVN5,t
36241KJU3,t
3622AAA79,f
36225AGQ7,t
3622A2AE2,t
36241KQD3,t
36241L6Y7,t
36241KZL5,t
3622A3BY5,f
3622AAQ64,f
3622A24R0,f
36241KSK5,t
3622AAN91,f
36241K6R4,t
36225AT91,t
3622A2L34,t
36241LJD9,t
3622AANJ9,f
3622A3BJ8,t
36241KGG7,t
3622A2XD9,f
3622A2SE3,t
36241LFA9,f
36225ABC3,t
36225BRG5,t
3622AAMR2,f
36225BXK9,t
36225BN20,t
36225BSV1,t
3622A3A34,f
36241KRK6,t
3622A2WW8,t
3622A2N40,t
36241LZJ8,t
3622AADJ0,f
3622A2DD1,t
36225BBD9,t
3622AANA8,t
3622A2RG9,f
3622AAU51,f
3622A3AE0,f
36241LET9,t
36241KBJ6,t
3622A3C81,f
36241LE51,f
3622AAAE4,t
3622A25D0,f
36241K2Y3,t
36225A2U3,t
36225AWD8,t
3622AAB78,t
36225BY85,t
3622A2NW8,f
36241K4E5,f
3622AAQR8,f
36225BYK8,t
3622A2V66,f
36241KR59,f
36241KM62,t
36225ATA8,t
3622AAA87,f
36241L2C9,t
3622A3CH1,t
36241LC95,t
3622AAYA6,f
3622A3AH3,f
36241L5C6,t
36241LR65,f
36225ALB4,t
36225AK33,t
3622ABAY8,f
3622AA5A8,t
3622AA2M5,f
3622AAYW8,t
36241KSJ8,t
3622AAZC1,f
3622A27K2,f
36241KAZ1,t
36225BWG9,t
3622AA5Y6,f
36241LPG5,t
3622A3BW9,f
36225BRA8,t
36225BLB2,t
3622AARD8,t
3622AAED2,f
3622A2YJ5,f
36225AGR5,t
36225BYX0,t
36225B3K2,t
36225A7F1,t
3622AAT53,f
36241LYR1,t
3622A2AM4,f
3622ABB27,f
3622A3BN9,t
36241LSB3,f
36241LF76,t
36241KD39,t
36241LEZ5,t
36225AJ92,t
3622A2NZ1,f
36241KZX9,t
3622A2QA3,f
3622AAEC4,f
36241K4J4,t
36241KX45,f
3622AAUJ1,f
3622A3B33,f
3622AAX41,f
36241LRQ1,t
36241LVE3,t
36225AST8,t
3622AANG5,f
36225B3P1,t
36225BJ82,t
36225BXF0,t
36225BL97,t
3622AA3P7,f
36225A2V1,t
3622AAZP2,f
36241K5K0,f
36241KAN8,t
3622AAHJ6,f
36241LPK6,t
36241LGY6,t
36241KCX4,t
36241LXH4,f
36241LAF3,t
36225ARZ5,t
3622A2JZ6,t
36241KPV4,f
3622A2YB2,t
3622A2GW6,f
36241LVU7,f
36225BNG9,t
3622AACH5,t
3622A3CK4,f
36225BG44,t
36241KB49,t
3622AAAS3,t
3622AAZZ0,f
3622A24Z2,t
3622AA5N0,f
36241KHM3,t
3622A2H70,t
36241L6R2,t
36241KD54,t
3622ABAQ5,f
36241KJT6,t
3622A2RD6,f
3622A26N7,f
36241K7K8,t
36241LZP4,f
36241LVL7,f
36241KZF8,t
36225BZZ4,t
3622A2BX9,t
36241LVF0,t
36225AKL3,t
3622A2KP6,t
36241LWG7,f
36225AEZ9,t
36241L2R6,t
36241LTD8,t
36241K3Z9,t
3622A2Y71,t
36241KBP2,t
36225BXD5,t
36225BMT2,t
36241KEW4,t
3622A2W73,t
36225BTQ1,t
3622AABZ6,f
3622A2KG6,f
3622A2JQ6,t
36241LYE0,t
36241KGS1,t
36241LA89,t
36225AY53,t
36241LTL0,t
3622AAJ62,f
36241L7B6,t
36241LVY9,f
36241KRW0,t
3622A26B3,f
3622AARH9,t
36241LDV5,t
36241KFE3,t
3622A2MD1,t
36225ATP5,t
3622AATX2,f
3622AAWT7,t
3622A2E99,f
36241LZ33,t
36241KP85,t
36225AKH2,t
36241KJW9,t
36241KZ43,t
36225AFB1,t
36225AMG2,t
36241L5A0,f
3622A2N81,t
36241KXL7,t
3622AA6G4,f
36241K4C9,t
3622A3CN8,f
3622A3AQ3,f
3622A2ZF2,t
36241KDP0,t
3622AATJ3,f
36241KTP3,t
3622AAZ98,f
3622ABB43,f
36225BTP3,t
3622A2QW5,t
36241KHN1,t
36241LXJ0,t
3622A2TC6,f
36241K2K3,t
36225BYW2,t
36241KLY2,t
36225BHS0,t
36241KK80,t
36241K4W5,t
36241KXG8,t
36225AS35,t
3622AA4L5,f
3622AAHB3,f
36225BTC2,t
3622A2AK8,t
3622A2BB7,f
3622AAZQ0,f
36241LAQ9,t
36241KNW4,t
36225BMN5,t
36241LJV9,t
36225BBR8,t
3622A3CY4,f
36241LX35,t
36241LN28,t
36241KWM6,f
36225BVU9,t
3622A2TG7,f
3622A2DB5,t
3622AAVK7,f
3622A2GH9,t
3622AAHD9,f
3622A3AS9,f
36241KV47,t
36225B3M8,t
3622AAGX6,f
36225B6J2,t
36225BEY0,t
36241L3Z7,t
36241LHF6,t
36225BZB7,t
3622AAFP4,t
36225BE53,t
36225A5Y2,t
3622A24P4,f
36241KY93,t
36241KTX6,t
36241KMN5,t
36241LRE8,t
36225AQL7,t
36225A3E8,t
3622A2SR4,f
36225B4V7,t
3622A2GD8,f
3622AAB45,f
3622ABB68,f
3622A2ZN5,f
3622AAG24,f
36241KAC2,t
3622AATN4,f
3622A3CP3,t
36225BZ43,t
36225ADT4,t
36241LWR3,f
3622A2AW2,t
36241LGE0,t
3622AAEN0,t
36241KMH8,t
3622ABAV4,f
3622AA3H5,f
3622A2BN1,f
36225B3E6,t
36225AWV8,t
36241KSZ2,t
36225BEZ7,t
3622AAK37,t
36241KF60,t
36225BMK1,t
3622A2GM8,f
36241LDS2,t
36225BW61,t
3622A2CG5,t
3622AAFQ2,t
36225BNR5,t
36241LD78,t
36241K6Z6,f
3622AAEQ3,f
36241LM60,t
36225AVQ0,t
3622AAW75,f
36241LKW5,f
36241KVH8,t
3622AAGW8,t
36241LCQ7,f
36241KEV6,t
3622A2YL0,t
36241KQF8,t
3622A2FM9,t
36225BUL0,t
36241LMB9,t
36241KQA9,t
36241LUB0,t
3622A2Y22,f
36225AR69,t
36225BKM9,t
36241LNN2,t
36225AHY9,t
36241KQZ4,t
3622A2P30,t
36225BXU7,t
36225AY38,t
36225BGB8,t
3622A2JF0,f
36241LWY8,t
36241K6K9,f
3622A23Q3,t
36241LBD7,t
3622A2TM4,t
3622A2LL4,t
3622A26D9,t
3622A2MT6,f
36241L6M3,t
3622AAML5,f
36225AGN4,t
3622AAFF6,t
3622A3AL4,f
3622A24X7,f
36241KNU8,t
36241KXQ6,t
3622A2FD9,f
3622AAUP7,f
3622A26J6,f
36241KFP8,t
3622A2EU2,t
36225BTZ1,t
36225BRT7,t
36241KDS4,t
36225BTK4,t
36241LGP5,t
36241KD96,t
36241LB47,t
3622A2DY5,t
36241LEE2,t
3622AAYF5,f
36241KQ92,t
36241KT24,t
3622AABJ2,f
36225BYS1,t
36241LJA5,t
36241KUB2,t
36241LS56,t
36241LEG7,t
36225BF45,t
36225BZM3,t
36241LXF8,t
3622ABA77,f
36241LSY3,t
3622AADX9,t
36241LG26,t
36225BF37,t
3622A2WT5,t
36225APQ7,t
3622A2KH4,t
3622AAUM4,f
36241LGR1,f
36225BMC9,t
36241KNJ3,t
36225BDU9,t
36225A4Z0,t
36241LMM5,t
36241K6W3,t
3622A2V82,t
3622A2UN0,f
36241LZQ2,f
36241LLE4,t
36241KHJ0,t
3622A2TU6,f
3622AACK8,f
36241KS25,t
3622A2KY7,t
36225BD39,t
36225BPE2,t
36241LUJ3,f
36225AXV7,t
3622A2RB0,t
36241LA48,t
3622AAQ23,t
3622A2F72,t
3622A2XX5,f
3622AAZM9,f
3622AA6C3,t
36241KXN3,f
3622AAVY7,f
36241L6T8,t
3622AA6U3,f
3622A2ZG0,t
36225BLR7,t
36241LA71,t
36241KCG1,t
3622AANL4,f
36241KXV5,t
36241K5L8,f
3622AAH49,t
36241LC20,t
36225BL30,t
36225AAY6,t
36225B4J4,t
3622AA6J8,f
3622A2DQ2,t
36241KG77,t
3622AAA38,f
3622AA6N9,f
36225AN55,t
3622A2YP1,f
3622A2WA6,t
36225AS92,t
36241KZP6,t
3622AAUW2,f
3622A2Q88,t
3622A24F6,f
36241LFC5,f
3622AATK0,f
36225BAS7,t
3622A2R20,t
36241LUN4,t
36225B4B1,t
3622A2EZ1,t
36241KG44,t
36241LHK5,t
36225AGE4,t
36241LNP7,t
36241LZL3,t
3622AAU69,f
36241KHY7,t
3622AAX66,f
36241KL48,t
36241KLG1,t
36241LXA9,f
36225B2V9,t
3622A2MY5,f
36241LX84,t
3622A2ZY1,f
3622AAE67,f
36241KMD7,t
36241KMG0,t
3622AAZB3,f
3622A2KM3,t
36241KKY3,t
3622A26Q0,f
36225ASR2,t
36241LEC6,t
36225BS41,t
36241LA30,t
3622A2Q62,f
36225ATU4,t
36225BZP6,t
36241LLJ3,t
36225APD6,t
3622AALR3,f
3622ABAD4,f
3622A2FL1,t
36241LN77,t
3622A2VZ2,t
3622A2BW1,t
36225ACK4,t
36241K2B3,t
3622AA5T7,f
36225A4B3,t
36225BLF3,t
36241LFD3,f
36241LDZ6,t
3622AAAM6,t
36241LAH9,t
36225BFL7,t
36225AT26,t
36241KU30,t
3622AAJC9,f
36225BPN2,t
3622A2NU2,t
36241KW95,t
3622AAQX5,f
3622A2GX4,f
3622AAYN8,f
3622AAS88,t
3622A2FF4,t
36225B3H9,t
3622AANS9,t
3622A2BK7,t
36225BZH4,t
36225AJY7,t
36225BWB0,t
3622AAMM3,f
36225BP44,t
36241KUS5,t
3622AAG40,t
3622AAVZ4,f
36241LXR2,t
3622AAPG3,f
36225BPM4,t
36241KNA2,t
3622A2ST0,t
3622AAWJ9,f
36241LE77,t
36241LEJ1,t
36241KF78,t
36225BMB1,t
36241LBH8,t
36241LA22,t
3622AATG9,f
3622AART3,t
36241LCL8,t
3622AALT9,f
3622A3BM1,t
36241LG83,t
3622AAR97,f
3622A22H4,t
3622A2G97,f
3622AAGN8,t
3622AAHC1,t
3622AA4Y7,f
36241K3T3,t
3622ABAW2,f
36241KZ92,t
3622AAJ47,f
3622A23F7,t
3622A2JW3,f
36241L2U9,t
36225AD31,t
3622A2K27,f
36241KH76,t
36241L2F2,t
36241LU87,t
3622AAV50,f
3622A2X80,f
36241KR26,t
3622AAD76,t
3622AA5B6,f
36241LJM9,f
36241KV21,t
36241LR73,t
36241K5Y0,t
3622A2XU1,f
36241LST4,f
36225BPC6,t
36225ANG1,t
36241LGL4,f
36241KV88,t
36241KMF2,t
36241KBE7,t
3622A2JN3,t
36241LUS3,t
36225B5A2,t
3622A3BD1,t
36241KY44,t
3622AAGL2,f
36225B2R8,t
36241L2H8,t
36241L5G7,t
3622AAW42,f
3622A2AB8,t
3622AAK45,t
3622A2GT3,f
36241KRD2,f
36225BLQ9,t
3622A2QH8,t
3622A25P3,f
36225AD23,t
36225A5F3,t
3622AA5M2,f
36241LZN9,t
3622A3AX8,t
36241LVB9,t
3622ABB84,f
36241L5E2,f
3622A2YG1,t
36241L6K7,t
3622A2RY0,t
36241LLK0,t
36241LEW2,t
36241LHN9,f
3622A2M90,t
36225BFN3,t
36241LJZ0,f
3622AARA4,f
3622A2Q54,t
3622A2GP1,t
36241KJ58,t
3622A26L1,f
3622AAGZ1,f
3622AAKL7,f
3622A2CP5,t
36241KN87,t
3622A3BU3,f
36225BSK5,t
36241KGF9,t
36225A4W7,t
3622AAQP2,t
36241KBM9,t
3622A2NK4,f
3622AA6E9,t
36225BFA1,t
36241KFA1,t
3622A2ZC9,f
3622AAD68,t
36241LF43,t
36225AKD1,t
3622AAPZ1,f
3622AAUT9,f
3622A2B68,t
3622A2YE6,t
3622AASN5,t
36241KBU1,t
3622AAQU1,f
36241KYB8,t
36225AHH6,t
36225BZ92,t
3622A2DC3,t
3622A2QK1,t
3622AAQT4,f
36241KZU5,f
36241LUU8,t
36225ANN6,t
3622A2QM7,t
36241KTQ1,t
3622A2TF9,t
36225AWS5,t
36241KZW1,t
36225B6W3,t
36225AEA4,t
3622A2LT7,t
36225BY93,t
36241L4L7,t
3622AAS62,f
36241LB70,t
36241KK49,t
3622A2F23,f
36241KG51,t
36225ABB5,t
36241LF84,t
3622AAMY7,f
3622A2PY2,f
36225BST6,t
36241LG91,t
36225BNW4,t
36225BMU9,t
3622A2VJ8,t
3622A2YK2,f
3622A2X31,t
3622AAG57,t
36225BUJ5,t
36225BHF8,t
3622A2RN4,t
3622AAF82,f
3622A3BX7,f
3622A23Y6,f
36225BW38,t
36241LGZ3,t
36241LRT5,t
3622AAQ80,f
3622AABL7,f
36241KHZ4,t
36241LSA5,t
36225BSG4,t
36225AYD6,t
36241KB72,t
3622A2WE8,t
3622A2XE7,f
36225BZ27,t
3622AAFK5,t
3622A24W9,t
3622A2X72,t
36241L2Q8,f
36241KF94,t
36241KP51,t
3622A2JL7,t
36225BU55,t
3622A2ML3,t
3622AA3M4,f
3622AAGE8,f
36241LKS4,f
3622A25A6,f
36241KM96,t
36225BEC8,t
3622A2EL2,f
36225BFK9,t
3622AAJJ4,f
3622A26C1,t
3622A3BQ2,t
3622A24N9,t
36225AAX8,t
36225AJM3,t
36241LZV1,t
36225BC89,t
3622AAKE3,f
36225BSA7,t
3622AADW1,f
3622AACV4,t
36225BK98,t
3622A2UP5,f
3622AAB52,t
36241K3H9,t
3622AABH6,f
3622A3BC3,t
3622A2GL0,f
36225ASA9,t
3622AAT20,t
36241KAK4,t
3622AALX0,f
3622A26W7,f
36241KYV4,t
3622A2EX6,t
3622AAXR0,f
3622AAU36,f
36225A3G3,t
36225B2C1,t
36241LNQ5,t
36241LDF0,t
3622AAXA7,t
36225BF86,t
3622A24U3,f
36241KVL9,t
3622A22D3,t
3622A2LW0,t
36241KK23,t
3622AAVP6,f
36241LY83,t
36225BZN1,t
3622AAF58,t
36241LGS9,t
3622A2DE9,t
36241KV96,t
36225BLP1,t
3622AAF90,f
3622A2J60,t
36241L2G0,t
3622AABY9,t
3622A2QR6,t
3622A2WG3,t
36241KNN4,t
36241LCZ7,f
3622A2YY2,t
3622AAAX2,f
3622AA3Y8,t
36225BK56,t
3622AAQY3,f
36241KEY0,t
36241LE44,t
36241KWY0,f
36241KWE4,t
36241LMV5,f
36225BCD8,t
3622A3AA8,t
36241LNU6,t
3622AAFJ8,f
3622AAZH0,f
3622AATL8,f
36225BX37,t
3622A2MZ2,t
36241LC79,f
3622AAPN8,f
36225AG79,t
3622A2KN1,f
36241KMQ8,t
36241LJL1,t
3622A2B76,f
36241K2R8,t
36241LWJ1,f
36241LGN0,t
36241K4V7,f
3622AAAR5,t
3622A2VF6,t
36225BTM0,t
36225BSR0,t
3622AAUB8,f
36241LWF9,t
3622A2MF6,t
36241KJR0,t
3622AAM27,f
36241KTJ7,t
36225BSE9,t
36241LMH6,t
36241LDX1,t
3622A2RU8,t
3622AAWG5,f
3622A2WP3,f
36225AH37,t
3622AA3G7,f
36225AHS2,t
3622ABBB7,f
36225B5K0,t
36225BV54,t
36225BKX5,t
36241KT65,t
3622A2N65,f
3622A2L42,f
3622AAN26,t
36241L5D4,t
36225BC22,t
36225B7D4,t
36241LMQ6,t
3622AANK6,f
3622AAYG3,f
3622A2DA7,f
3622A2WV0,t
36241KFS2,t
36241KPC6,f
36225BUV8,t
36241KPF9,t
36241LQR0,f
36225BVW5,t
36241KFX1,t
36241KCD8,t
36225BQN1,t
36241LLD6,t
3622A2FW7,t
36225ACL2,t
36225ALT5,t
3622A2LX8,f
3622AAQ72,f
36225BRW0,t
36225APY0,t
36225BYU6,t
36241KA24,t
36241KKH0,f
36241KP93,t
36225B6V5,t
3622AAJR6,f
36241KZ50,t
3622A26Z0,t
36225B3D8,t
3622ABBQ4,f
36241KZA9,t
36225BFD5,t
36225AYR5,t
36241KN79,t
3622A2VD1,f
36225BVV7,t
3622AAWK6,t
3622A2WD0,t
36241L6F8,t
3622A2E40,t
3622AADS0,t
3622A2ZJ4,f
36241K4N5,t
3622A3C24,f
36241LMU7,t
36225A2J8,t
36241KJL3,t
3622A2A28,t
36241LCY0,t
36241K7B8,t
3622A25V0,t
36241KDT2,t
36241KMA3,t
3622AAKX1,t
36241LUM6,t
3622A3AK6,t
36241KFG8,t
3622A2DF6,t
3622A2C91,t
36241KVB1,t
36241KQN1,t
36241KGZ5,t
36241KRU4,t
3622AARJ5,t
36241LLH7,t
3622AAZY3,f
3622A2XC1,t
36241K2Q0,t
36225BEU8,t
36225BE20,t
36241KBV9,t
3622AARW6,t
3622A24S8,f
36241KYC6,t
36225BES3,t
36241KVT2,t
36241LAR7,t
36241KSV1,t
3622A23C4,f
3622AAZ23,f
3622AAUQ5,f
36225BJ58,t
36241KCM8,t
36225BUM8,t
3622AADF8,t
3622A2ZT2,f
36241KHV3,t
3622AAVX9,f
36225BM39,t
36241LWQ5,t
36225AJC5,t
36241KA73,t
36241LXU5,t
3622A2PJ5,f
36241KDV7,t
3622A2LS9,f
3622A2W81,f
36241LSH0,f
3622A2LA8,t
36241LVH6,t
36241KDE5,t
3622AAS96,t
36225BRH3,t
3622A2YA4,t
36241LWN2,t
3622AAR63,f
36241KGU6,t
36225BPW2,t
3622A2ZD7,f
3622AABB9,f
3622A2BQ4,t
36225AQS2,t
36225AMC1,t
3622AAAD6,f
3622A24M1,t
36241LWC6,t
36241KVX3,t
36241LCW4,t
36225BMG0,t
3622A2ET5,t
36225AFG0,t
36241LM37,f
36241KNL8,t
36225A4H0,t
36225BV39,t
36241LTY2,t
36225A5L0,t
3622A23G5,t
3622AA6Y5,f
3622A3C65,f
36241K6X1,t
36241KSG4,t
3622AAET7,t
36225BSS8,t
36225BLK2,t
36241KWU8,f
36225A6S4,t
36241LMD5,t
3622AAJP0,t
3622A2PB2,f
36241KRZ3,t
36225BUU0,t
36225BNN4,t
3622A2ES7,t
3622A27A4,t
3622A2PF3,f
36225AT34,t
3622AAFV1,f
36241KC30,t
3622A2VU3,f
3622AAN42,t
3622A2XY3,f
36241KN38,t
36241KNX2,t
36241KGX0,t
36225ATT7,t
36241KYD4,t
36225AYP9,t
36225AHG8,t
3622A22F8,f
36241KPE2,t
36225ARM4,t
3622AAC93,f
3622AAY40,f
3622AAFC3,f
3622ABA85,f
36241LTU0,t
36241LJF4,t
36225ABD1,t
36241LBR6,t
36241KW38,t
36241LMX1,t
3622A2H47,t
3622AAUX0,f
3622A2UT7,t
36225BMZ8,t
3622A2SM5,f
36241KJ66,t
36241LR40,t
36241LV45,t
36225BDK1,t
36241LJW7,f
3622AABA1,f
3622A2PQ9,t
36241KNQ7,t
3622AASW5,t
36241KUT3,t
36241KYJ1,t
3622A2CY6,f
36241LH82,t
3622ABAS1,f
36241KPS1,f
3622AAP24,f
36241L3E4,t
3622A2HG0,f
36241LXZ4,f
3622AAHU1,t
3622A22S0,t
36241KQJ0,t
36241KN95,t
3622A2NQ1,t
3622A2XA5,t
36241KEA2,t
3622ABBA9,f
36241LLQ7,t
36225ASF8,t
36241LW44,t
36241K4P0,t
3622A2D66,f
36241LUW4,t
36225A6W5,t
36241LZE9,t
3622AANE0,f
3622AAPX6,f
3622A23W0,f
36241LYC4,f
36241K7F9,t
36241KZT8,f
36241LKZ8,t
36241KNF1,t
36225AXA3,t
36225BUF3,t
3622A2PL0,f
36241KKW7,t
36241LY34,t
3622A2Q96,t
3622A24L3,f
36241KGA0,t
3622AAXD1,f
3622AAWN0,f
36225BRK6,t
36225ASG6,t
3622AA2C7,f
36225ACN8,t
36241KRT7,t
36241LPL4,t
36225BKV9,t
36241KHP6,t
36225AX62,t
36241KSS8,t
3622AA2X1,f
36241KPM4,t
3622AACC6,f
3622AARS5,t
36225BEG9,t
3622AAG99,t
36225BQL5,t
36241L2X3,f
3622AAYV0,f
36225ASV3,t
3622A2XL1,t
3622A2JS2,t
36241K5C8,t
3622A22M3,f
36241KZM3,t
36241KT40,t
36225BTN8,t
3622AAEX8,t
36241KFR4,t
3622AAPD0,f
36241LPZ3,t
3622AAD43,f
36241LEY8,f
36241KZB7,t
36241L4Z6,f
36241KVJ4,t
36241LHV1,t
36241LCT1,t
36241KMB1,t
3622AAB37,f
3622A3BB5,t
3622A2KJ0,t
36241LGT7,t
3622AA2B9,f
36241KUD8,t
36225A7D6,t
36225BQX9,t
36241LQ41,t
3622A3AR1,f
36241LXV3,f
36241LSV9,t
36225BNS3,t
3622A2SF0,t
3622A2LZ3,f
3622A2CL4,t
3622A2AF9,f
36225BHB7,t
36225ADX5,t
3622A2J52,t
36241KBA5,t
3622A22U5,t
36241KLM8,t
3622A2P97,t
36241KSW9,t
36241KLE6,t
36225BQG6,t
36241KZ35,t
3622AAUU6,f
3622A27G1,f
36225AAF7,t
3622AAC85,f
36241LM52,t
36241KRR1,t
3622AAAJ3,f
3622A2T77,f
3622AA4R2,f
36241KEB0,t
36225BN87,t
3622A2PE6,f
3622AA2Y9,f
3622AA3D4,f
36241LTZ9,f
36241KYP7,t
36225AAS9,t
36241L2N5,t
36225B3W6,t
3622A2V90,t
36241K4B1,f
3622AAXL3,f
36225BZL5,t
36225AMA5,t
3622A3DD9,f
3622AAQQ0,t
3622AATM6,f
3622AABG8,t
3622AA3J1,f
3622AAVH4,f
3622A2A93,f
36241LX92,f
36241KSD1,t
3622AA2J2,f
36225BHK7,t
36225BW53,t
3622AA5Z3,f
36241KVP0,t
36241LW85,f
36241K5S3,f
3622AA6K5,f
36241LKD7,t
36241KBW7,t
36241K4U9,t
36241KWZ7,f
3622AACU6,t
3622A26H0,f
3622AASD7,t
36241LJT4,t
3622A2HC9,t
3622A2N99,t
3622A2ZR6,t
3622A2Q47,t
36241LYG5,t
3622A23B6,t
36241K6V5,t
36241LGC4,t
36241KZE1,t
3622AAPH1,f
3622AAL69,f
3622AAZ80,f
36241LE93,f
3622A2F56,t
3622A2L83,t
3622AALQ5,f
36241LHY5,t
36225A4T4,t
36225AR51,t
36225AG46,t
3622AAF74,f
3622A2R61,f
3622A23K6,f
3622A2UV2,t
3622A23J9,f
36241L5L6,t
36225B6L7,t
36225BBS6,t
36241LKN5,t
36225AB25,t
36241LD37,t
3622AAWM2,f
3622AARU0,t
36241KHT8,t
3622A2SG8,t
36241LAK2,t
3622A2HX3,f
36241LH90,t
36225BR26,t
3622AAUH5,f
3622AA3L6,f
3622A2YM8,t
36225B3G1,t
3622A2SP8,f
36241KQM3,t
36241KBC1,t
3622ABA51,f
3622A2W57,t
3622AAYU2,f
36241KWT1,t
3622A2B35,t
36225B5U8,t
36225AAB6,t
36241KH43,t
3622A2QT2,t
3622AARC0,f
36241LBW5,t
36241LR32,f
36225AA75,t
36241LL46,t
36225BBU1,t
36241L5X0,t
3622ABAP7,f
36241KF45,t
36241LJ23,f
3622AAQ98,f
36225BYT9,t
3622AAR22,f
36241KKS6,t
36241KNP9,t
36241KTH1,t
3622A2JV5,f
36241LNT9,t
3622AAE26,f
36241L3F1,t
36241LW77,f
36241KWC8,t
36241LLC8,t
36225AYJ3,t
3622AAFZ2,f
3622AAGT5,f
3622A2LY6,f
3622A2ZU9,t
36225AWR7,t
3622AARN6,f
36225ATZ3,t
36241KRN0,t
36225B5V6,t
3622A27L0,t
36241KGE2,t
3622A2DL3,f
3622A2BC5,f
36241LZX7,t
36225AER7,t
36241K2H0,t
3622A2V41,f
3622AAWX8,f
36241LED4,f
36225BQK7,t
36225A5B2,t
36241LZM1,f
3622AADC5,t
36241KTT5,t
3622A2TP7,f
36241KPQ5,t
3622AAXG4,t
36225BQZ4,t
36225BL48,t
36241L3X2,f
3622A2R79,f
3622AAUN2,f
36241LQU3,t
36241L2J4,f
36241K2L1,t
36241LEH5,t
3622AAFX7,t
36241KCW6,t
36225BF60,t
36225BAV0,t
3622AAZ31,f
36241KG36,t
3622A2HH8,f
36241KYT9,t
36241KNB0,t
3622A2FU1,t
36241LHB5,t
36225BFR4,t
36241KQG6,t
36225BLS5,t
36225BAN8,t
36241LTV8,t
3622A25N8,f
3622A2EP3,f
36225AAR1,t
36225BNP9,t
36241LCD6,t
36225ACP3,t
36241KEN4,t
36241K5D6,t
36225BZK7,t
36225BSH2,t
3622A2ED0,t
36241KMP0,t
36241KBT4,t
36225BJ74,t
3622AAXM1,t
36225ARX0,t
3622AAEL4,f
3622A2PG1,f
36241LYK6,t
36225B5L8,t
36225BX94,t
36241LP26,t
36225BC48,t
36225AGB0,t
36241KJA7,t
3622AAL85,f
3622A24T6,f
36225AF54,t
3622ABAC6,f
3622AA3C6,f
3622A27M8,t
36241KNV6,t
3622A2LR1,f
3622A2K68,f
3622AAHN7,t
36225BMR6,t
36241LHH2,t
36225B7L6,t
3622AAXY5,t
36241K7G7,t
3622AA5J9,f
3622AAK52,f
36241LGM2,t
36241LQM1,t
3622AAUZ5,f
36225BK72,t
36241L5Y8,t
36241KZ84,f
36225BPV4,t
36241KKJ6,t
36241KBD9,t
3622A3AV2,f
36241LG67,t
3622AAA95,f
36241LTP1,f
36225BVQ8,t
3622AAQL1,f
3622ABAU6,f
3622A2TS1,f
36225A3A6,t
3622AAAZ7,t
3622A27J5,f
36225BB64,t
3622AASM7,t
36241LP83,t
36241KDL9,t
3622A25Q1,f
3622AAWH3,f
36241KVF2,f
36241K3U0,t
36225BDC9,t
36241KYQ5,t
36225AKV1,t
3622ABAN2,f
36225ATB6,t
3622AAK29,t
3622A3AF7,f
3622A3A42,f
3622AAJ54,f
3622A3CX6,f
36241KGB8,t
36225BP93,t
36241LLA2,t
3622A2W65,f
36225BFU7,t
3622AAMT8,f
36241L5S1,t
3622A2JR4,t
3622ABAX0,f
3622AAGC2,t
36241LWE2,f
36241KV39,t
3622A3AZ3,f
3622A2M58,t
36225AGX2,t
36241K2M9,t
36241LZG4,t
36241KWR5,t
36241LLT1,t
3622AAEJ9,t
3622AABV5,t
36225AMV9,t
36241L3Y0,f
36225BHL5,t
36241K2T4,f
3622AA3T9,f
3622AAZ72,f
3622A27C0,f
3622A2RC8,t
36241KH50,t
36241KR42,t
36225BUH9,t
3622ABBM3,f
36225AVK3,t
36225B5F1,t
36241KQK7,t
36241KBX5,t
3622A3BK5,f
36241LH25,t
36225BB72,t
3622A23V2,t
3622A2YX4,t
36241KY36,f
3622A2EJ7,t
36241KW79,t
36241L2S4,t
36225AGV6,t
36241LT63,f
3622A25R9,f
36225BDY1,t
3622AAJ88,f
3622AAKH6,f
36241KRQ3,t
36241LQ82,t
36225BUE6,t
36241KEK0,t
3622AAJX3,t
36225BLW6,t
36225BLX4,t
3622AA7M0,f
3622AABK9,f
36241LZW9,t
3622A3A91,t
36241KH35,t
36225BUA4,t
36225BAH1,t
36241LUG9,t
3622A2G48,t
36241LSD9,t
36241LBX3,t
3622AA4Q4,f
36241LD86,t
36225B7G7,t
3622AABT0,f
36241LUX2,t
36241KQB7,t
3622AAWF7,f
36241KSP4,t
3622A2T51,t
36241KL63,t
36241L5H5,f
36241LPX8,t
3622A2U75,f
36225BGQ5,t
3622ABAA0,f
36241K3P1,f
36241LCF1,t
3622A2VN9,t
36241KUY2,t
3622AAGP3,f
3622A2QN5,f
36241LLF1,t
36225ART9,t
3622AAWU4,f
3622AAM68,f
36241KGQ5,t
3622A2TV4,t
36241KTN8,t
36225ACR9,t
3622A2HW5,f
36241KWQ7,t
36225AJ50,t
36241LWW2,t
36241LCK0,t
3622AABR4,f
36225BC55,t
36241LJC1,t
36225AAE0,t
3622AAER1,t
36225B2P2,t
36241KZK7,t
3622AADD3,t
3622AABN3,t
36241KLN6,f
3622A2AY8,f
36225BYC6,t
3622ABBW1,f
36225AXH8,t
36241K3L0,f
3622A2G89,f
3622AAB60,t
36241K6H6,t
3622A2GR7,t
36225BDL9,t
36225BUZ9,t
36241LQD1,t
36241KF52,t
3622A27H9,f
36225AF70,t
3622A22J0,t
3622AAYQ1,f
3622AA2N3,f
3622A2TZ5,t
3622ABAE2,t
36225ARW2,t
36241LCU8,t
3622AA4C5,f
3622AAVT8,f
3622AAEF7,f
3622AA5K6,f
3622A2MW9,t
36241KXF0,t
3622A2WM0,t
36225B3L0,t
36241K5M6,t
36241KAL2,t
36241LMF0,t
36225BJS8,t
3622AAKC7,f
36225AQ37,t
36241LD52,t
36225B2X5,t
36225BZW1,t
3622A2PA4,f
36241LTJ5,f
3622AA3Q5,f
3622AAFN9,t
36241KGP7,t
36225AF88,t
36225B2B3,t
3622AA6A7,f
36225BHU5,t
36225BD54,t
36241L2M7,t
36241KLD8,t
3622A2X56,f
3622AAY57,f
36225BPH5,t
36241LRV0,t
3622A2E81,f
3622A2WF5,t
3622A2C34,f
36225BWL8,t
36241LL38,t
3622A2NB4,t
3622AA4T8,f
3622A2AQ5,t
36241KM21,t
3622A2GZ9,f
36241LDA1,t
36241LQX7,t
36225BE61,t
3622AA7D0,f
3622A3DA5,f
3622A2G55,t
36241LB88,f
36241LFF8,t
3622A24Q2,t
36241KGR3,t
3622A2K76,t
3622A2UC4,t
36241K4R6,t
36241LB96,f
36225AHL7,t
36225BUN6,t
3622A2NT5,t
36225A2M1,t
36225BTE8,t
3622AAE75,f
36225AZA1,t
3622A2N32,t
36225BXH6,t
3622AA3X0,f
3622ABBU5,f
36241LZC3,f
3622AATY0,f
36225BQQ4,t
3622AAVD3,f
36241KFU7,t
3622AA5U4,f
3622A25L2,t
36241KB23,t
3622AAKR4,f
36241KHF8,t
36225BLC0,t
36225AVE7,t
36241L7A8,t
3622AA6L3,f
36241L5Z5,f
36241KVS4,t
36225BD47,t
36241KF37,t
36241LNR3,f
36241KTL2,t
3622A2M82,f
3622A22W1,t
36241L5U6,t
3622AAT61,t
36241L6U5,t
36225BG77,t
36225BRX8,t
36225BHY7,t
36241KDF2,t
36225BP28,t
36241LHR0,t
36241LMA1,f
36241LBN5,t
3622A2VB5,t
36241KCP1,t
36225BYA0,t
36241KHA9,f
36241LU79,t
36225BZY7,t
36225B6Y9,t
36241KVR6,t
36241LGA8,t
3622ABBZ4,f
36241LZ74,t
36225B4G0,t
3622A2EG3,t
36241KWG9,t
3622A2Z21,f
3622A2LV2,f
36241LWX0,t
36225BFT0,t
36225B2Y3,t
3622AAHY3,f
36241L4P8,t
3622A3A26,f
3622AAME1,f
36225BMJ4,t
36225BGM4,t
36225A6P0,t
3622AAPP3,t
36241L2D7,f
3622A2HE5,t
3622AAEZ3,f
36225BED6,t
3622A2U91,t
36241KY69,t
36241L4U7,t
36241L5Q5,t
3622AAGF5,f
36225B4P0,t
3622A2QQ8,f
36225AUY4,t
36225AQU7,t
36241LX43,t
3622A2PD8,f
36241KFQ6,t
36225BLH9,t
36241KMZ8,t
3622AAFU3,f
36225AQR4,t
36225AYN4,t
3622AALP7,t
3622A2EC2,f
36241L3Q7,t
3622A2MX7,f
3622A2F49,f
36241LFU5,t
3622A2WL2,t
36241KGJ1,t
36241L6V3,t
3622AA2L7,f
36241KUZ9,t
36225BVR6,t
3622AABQ6,t
3622A22Y7,f
36241LJN7,f
36241KMY1,f
36241KVC9,t
3622AABW3,t
36225APN4,t
36241LHT6,t
36225A3X6,t
36241KXM5,t
36225BYZ5,t
36241LR99,t
36241K7E2,f
36225ANY2,t
3622A3CS7,f
36241LZ58,t
36225BE46,t
3622A2X49,t
3622AA2U7,t
3622AA4F8,t
36241KMM7,t
3622A2NX6,t
3622AAD92,t
36241KRC4,t
3622AASA3,f
36241KQC5,t
36241KF29,t
36241KSC3,t
3622AAXP4,f
3622A2LJ9,f
36241KEF1,t
3622AANF7,f
3622AAVB7,t
3622AADG6,t
3622AAHZ0,t
36241LUP9,t
36225BRU4,t
36225B7K8,t
36225BV47,t
36225ANX4,t
36241LJS6,f
3622AAVF8,f
36225AN30,t
36241LAT3,t
36241LG59,t
36241K6U7,t
36241KD62,t
36225A4A5,t
3622AAEB6,t
36241KL89,t
3622A2JX1,f
3622A2VQ2,f
3622AAL51,f
36241K2S6,t
36241LVM5,t
36241KLZ9,t
3622AAMC5,f
36241LHL3,t
3622A2M25,t
36225BQT8,t
36225BQ43,t
3622A2GE6,f
3622A2L59,f
36241L4N3,t
36241LYH3,f
36225AMW7,t
3622A2RJ3,t
36241KXJ2,f
36225B3Q9,t
36241LZY5,t
36241KZR2,t
3622AAGG3,f
3622AAR48,f
3622A2X64,t
36241LC46,t
36225BWX2,t
3622AA2D5,f
36241LKV7,t
36241KAP3,t
36225A3K4,t
36225ATN0,t
36241KDB1,t
3622A2TX0,t
36241K5A2,t
36225B3J5,t
36241LVK9,f
36241KYR3,f
36225BPX0,t
36241LK62,t
36241KU63,t
36241LKB1,t
36241KB31,t
3622A2R38,t
36225BN95,t
3622AAJN5,t
36241LRP3,t
36241LS98,f
3622A3A75,f
3622A3BA7,t
3622AAQ31,t
36241K4S4,t
36241LLG9,t
36241LQL3,t
36241L4B9,t
36241K4K1,t
3622AAA61,f
36241KYX0,t
36225APS3,t
36225BU30,t
36241KD47,t
36225BSM1,t
36225AUN8,t
3622A2XZ0,f
36225AC24,t
3622A2GY2,f
3622AANX8,f
3622A2J37,t
36241KYF9,t
3622AATB0,t
36241LSP2,t
36241LEX0,t
36241L4V5,f
36241K5X2,t
3622A2NF5,f
3622AATT1,f
36225AHK9,t
36241LJX5,t
36225AWW6,t
3622AAGK4,t
3622A2CH3,t
3622AAD84,t
36241LK21,t
36241KLT3,t
36225B3N6,t
36241L3U8,t
36241LL95,f
36225AN89,t
36225B4C9,t
36225BJK5,t
36225BF78,t
36225A3F5,t
3622A2D33,t
3622A2DV1,t
36241LRC2,t
36225AVX5,t
3622A2NY4,f
36241K4Q8,t
36241K3R7,t
36241LNK8,t
36225AQF0,t
36225ADS6,t
36225A3B4,t
3622A2QY1,t
36225BG85,t
3622AAT38,f
3622AAF25,f
36241KZY7,t
36225BSD1,t
36241KP69,t
36225BYJ1,t
36225BVZ8,t
3622A2XW7,t
36225BSQ2,t
36225BNJ3,t
3622AATC8,f
36225BLZ9,t
3622A2RH7,t
36241KY85,t
3622A2U83,f
36241K6L7,f
3622A2TR3,f
3622AACG7,t
36225AMT4,t
36241KMJ4,t
3622A2AH5,t
36225A4J6,t
3622AAXS8,f
3622A24V1,f
3622AAH72,f
36241L5B8,f
3622AAKG8,f
36225BAK4,t
36241LBL9,t
36241KJ90,t
3622AAFS8,t
36225B6N3,t
3622A2CW0,t
36241KSB5,t
36225B6E3,t
36225A4L1,t
3622AAZX5,f
3622AAJF2,f
36241L7H3,f
36225BSN9,t
3622AAKD5,f
36241LL79,t
36225A3U2,t
3622AA4X9,f
3622AAY65,f
3622A2TY8,t
36241K4D7,t
3622A2QC9,t
3622A26X5,f
36241KLL0,t
36241LHM1,t
36241LJ98,t
36241KJK5,t
36225BQB7,t
3622AAQZ0,t
3622A25B4,t
3622ABAK8,f
36225BPL6,t
36241KVV7,t
3622AAH98,f
3622AAV43,f
36241KQ84,t
36241KE79,t
36225AJZ4,t
3622A2VE9,f
3622A2ZM7,f
3622AAE34,t
36241KEG9,t
3622AAPM0,f
36225BGU6,t
36225BVN5,t
36225BDZ8,t
3622A2BY7,t
3622AAL36,f
36225B7C6,t
3622A2WQ1,f
36225AKW9,t
36225AB58,t
3622AA3A0,f
3622A2TW2,t
3622AAUL6,f
3622AASB1,f
36225BJB5,t
3622ABBK7,f
3622A2RX2,f
36241LYW0,f
36241K3E6,t
36225AUK4,t
36241LWK8,t
36241KQQ4,t
3622A2QF2,f
36241K2Z0,t
36225AHF0,t
36225BVM7,t
36225BGL6,t
3622AAST2,t
36241LBU9,f
36241LMK9,t
36225B3A4,t
36241L4F0,t
3622ABBN1,t
36225BUG1,t
3622A2WC2,t
3622A2PS5,t
36225BR83,t
3622A3AU4,f
36241LQV1,f
3622A2FR8,t
36225AVV9,t
36241K7D4,t
36241LB39,t
3622A2F64,t
36241KGC6,t
3622A2NC2,t
36241K3N6,f
36241KKV9,f
3622A2SA1,t
36241LQA7,t
3622A2DP4,t
3622AA4N1,f
3622A23T7,t
36241KBB3,t
36241LV86,t
36241KS90,t
3622AASU9,t
36225BHE1,t
36225ANB2,t
36241L2P0,t
3622A2J29,f
36225BWZ7,t
36225AT75,t
3622A2YQ9,t
3622AAW83,f
36241LX76,f
36241LAX4,t
3622AAA20,f
36241KXW3,t
36241KSN9,f
36225BEP9,t
36241KLS5,t
36225BHZ4,t
36241KRB6,t
3622AAP99,t
3622A2XR8,t
3622AAGH1,f
3622A2FC1,t
3622AASX3,t
36225AFE5,t
36241K5U8,t
36241LKQ8,f
36225BBJ6,t
3622AANT7,t
36241K6T0,t
3622A2ZH8,t
3622A2Y55,f
36225AZQ6,t
3622ABBT8,f
36241KF86,t
36225B2Q0,t
3622AAD50,t
36241LF35,t
36225BAZ1,t
36225AJS0,t
36225AC32,t
3622AAQW7,f
36241LW51,t
3622A2NA6,t
3622A2RK0,t
3622AAU44,f
36241LMC7,f
36225BYQ5,t
36241KP36,t
3622A2UL4,t
3622AAEV2,f
36225A7E4,t
3622A2HP0,t
3622A2A85,f
36225BTD0,t
36241LVD5,t
3622AAJ21,t
36225AQ78,t
3622A2XS6,t
3622AA5G5,f
36225BMV7,t
36225BX78,t
36241LTA4,f
36225BQM3,t
3622A2J45,t
36225B2D9,t
36225AWB2,t
3622A25W8,t
36241KE61,t
36241KMS4,t
36225BK31,t
36241LYM2,t
36225AYX2,t
3622AAWE0,f
3622A2LG5,f
36225ABK5,t
36241KNR5,t
3622A2Z88,t
36225APV6,t
36225BML9,t
3622A2ZW5,f
36241KXK9,f
36241LB62,t
36241KTC2,t
36241KSL3,t
36241KER5,t
3622A2HU9,t
36241LBA3,t
3622A2VV1,f
36241KGD4,t
36225BA99,t
36241LD45,f
3622A2VS8,t
3622A2DR0,t
36225A5K2,t
36241KRX8,t
3622A2US9,t
3622AA7B4,f
36225BWW4,t
3622AAP40,t
3622A23X8,f
36225AZL7,t
3622AAVU5,f
3622A2TA0,f
36225BY77,t
36241KD21,t
36225B6G8,t
36241KZ68,t
3622A3CM0,f
36241L2W5,f
36241KUW6,t
3622AAR30,f
36225BE38,t
36241LJR8,t
3622A2TD4,t
36241LYP5,f
36225BJC3,t
36241LNV4,t
36225BRN0,t
36241KDD7,t
36225B6F0,t
36225BXS2,t
36241KDU9,t
36225BJ90,t
36225BXR4,t
3622A2YN6,f
36241KLU0,t
36241LG34,t
36241LCP9,t
3622A2HS4,t
36225AU73,t
3622ABB50,f
36241KDX3,t
36225BC30,t
3622AAFE9,t
36241LV29,f
36241LFT8,t
3622AABU7,t
36225B4W5,t
36241LGK6,t
3622AAXB5,f
36241K3M8,t
36241KPN2,t
36225APA2,t
36241L2E5,t
3622AAPU2,f
3622A2E73,f
36241KU97,t
3622AAEU4,t
36225BKH0,t
3622A2RF1,f
3622A2FB3,t
3622AAH31,f
36241LVG8,t
36241K5W4,t
3622ABAT9,f
36241KEJ3,t
36241LBF2,t
3622AAUK8,f
36241K3Y2,t
3622A27F3,t
36225AJ43,t
3622A2QX3,t
3622A2NE8,f
36241KJG4,t
3622AA5P5,f
3622AAXJ8,f
36225A6V7,t
36241KNH7,t
36241K4A3,t
36241L6P6,t
3622ABBF8,f
36241LCA2,t
3622AAGM0,t
36241KDZ8,t
36241KCS5,t
3622AAAL8,f
36241K3W6,f
3622A2GA4,f
3622A2CJ9,t
36225BSX7,t
3622AAFH2,f
3622AAZE7,t
36241LLP9,t
36225AZF0,t
36241KED6,t
3622A3CD0,t
36241KS33,t
36225BMF2,t
3622A3B90,t
36225BGY8,t
36241KTW8,t
36241KDR6,t
3622A2EN8,t
3622AA5L4,f
36241LBJ4,t
3622A2WN8,f
36225AGH7,t
3622A2CX8,t
36225B2E7,t
3622AAYH1,f
36225BFY9,t
36241KGM4,t
36225BM88,t
36241K6B9,f
36241KS66,t
3622ABBX9,f
3622AAXW9,f
36225BBN7,t
36241LMY9,t
36241KW53,t
3622AAHP2,t
36241LVT0,f
36225BGK8,t
36225BPT9,t
3622AAD27,f
3622AA5S9,f
36241LRZ1,t
36241LBG0,t
36225AF39,t
36225AEH9,t
3622AAL44,f
36241LRG3,t
36241KU55,t
3622AAUV4,f
36225BKT4,t
3622A2LB6,t
3622AAV76,f
3622A2TE2,t
3622A2BS0,t
3622A2JU7,f
36241KV70,t
3622A22K7,f
36225AQA1,t
3622A2Z62,t
36241KDJ4,t
36225B4N5,t
36241LTG1,t
36225AVR8,t
36241LK88,t
36225BV62,t
3622AAWL4,f
3622A3DB3,f
36241KAG3,t
3622A2SK9,t
36241K3C0,f
3622AA2S2,t
36225AUJ7,t
3622AAV27,f
3622AAJ39,f
3622A2L91,t
3622AAKY9,f
36241LZK5,f
3622A2ND0,f
36241KLK2,t
3622AANZ3,f
3622A2LK6,f
36241LUR5,t
3622AACP7,f
36241LG75,f
36241LJ49,t
36225ARU6,t
36225ARL6,t
36241LR57,f
36241LRU2,t
36241KQ68,t
3622AA6D1,f
36241KCV8,t
36241K7L6,t
36225AFA3,t
36241K7J1,t
3622A2SH6,t
36241KU71,t
3622A2BF8,t
36241K5H7,t
36241LNZ5,t
3622A2ZP0,t
3622AACA0,t
3622AAQN7,f
3622AAUC6,f
36241KXS2,t
3622A24Y5,t
36241LF68,t
36241L5N2,t
3622AAAP9,f
36225AA67,t
36225BNC8,t
3622AAE83,f
3622A25E8,f
3622A2PH9,f
3622A2XH0,t
36241LSW7,t
36241LAL0,t
3622A23A8,t
3622A2MA7,f
3622AAXU3,f
36225BXX1,t
3622AAVS0,f
36241L4M5,f
36241LW28,t
36241KL22,t
36241LQ66,t
3622AA5V2,f
36241LX50,t
3622A2VC3,f
3622A2NH1,f
36241KZS0,t
36225BMS4,t
3622A2BE1,t
3622AAZ49,f
36241KGV4,t
36241KKF4,t
3622AALN2,f
36241LF92,t
36241KB56,t
36241KYK8,t
36241K3S5,t
3622A3DC1,t
3622AAMA9,f
3622AAH64,f
3622A2DN9,f
36225AVM9,t
36241KKB3,t
36225BND6,t
3622AARK2,t
36241KCH9,t
3622AA4A9,f
36241LSX5,t
3622A2MP4,f
3622AA2F0,f
36241LUH7,f
36241LS31,t
36241LFV3,t
36241LNW2,t
36225BD21,t
3622A3CE8,t
3622A2ZX3,f
3622A2CK6,t
3622AAMH4,f
36241LB21,t
36241KBY3,t
36241K5T1,t
3622A22G6,f
36241LN44,t
36241KDC9,t
36241LYV2,f
36241K5R5,f
3622A2J86,f
3622A3CR9,f
3622A27D8,t
3622AAP57,f
36241LXS0,f
36225ADC1,t
36225B2T4,t
36241KSF6,t
36241KR75,t
36241L2V7,t
36241LHA7,t
36225BHJ0,t
36241L6Q4,t
36225AV72,t
3622AA7K4,f
36225A6U9,t
36241LXK7,t
36225AKU3,t
36225BXB9,t
36225AX54,t
36241KPW2,f
36241LAJ5,t
3622A2WB4,t
36241LLN4,t
36241LJ80,f
3622AA3E2,f
36225BL89,t
3622A3AD2,f
3622AA7C2,f
3622AAC69,t
3622AAVC5,t
36241LRX6,t
36225A3J7,t
3622A2MB5,t
36241KKU1,t
36241KVG0,t
3622A2QV7,t
36225BT32,t
36241LEV4,t
36225BVH8,t
3622AAYJ7,f
36225ASC5,t
36225BJ41,t
36225BTW8,t
3622A22L5,t
36241KZJ0,t
36241LMJ2,t
36225AE63,t
36241LTK2,t
3622AAMZ4,f
3622A2MG4,t
3622A2Z47,t
36241KKT4,t
36241LXN1,f
3622A2FQ0,t
3622A2RW4,t
3622A3CC2,f
36225BHW1,t
3622AAJS4,f
3622AANC4,f
3622A23P5,t
36241LEU6,t
3622A2RL8,t
36241LRR9,t
36241KPJ1,t
36241KXD5,t
36225AGC8,t
36225BJV1,t
36225AKZ2,t
36225ACM0,t
36225BFS2,t
3622AAQB3,f
36225BE87,t
3622A2SZ6,t
36241LME3,t
36241LWH5,f
36241KWB0,t
36241KBH0,t
3622AA4V3,f
3622AAVN1,f
3622A2MC3,t
3622AA2P8,f
3622AAW91,f
3622AA7G3,f
3622A2VK5,t
36225BQH4,t
36225BDE5,t
36241LRN8,t
36241KFM5,t
36241LMT0,t
36225BSU3,t
36225BDW5,t
3622A3B74,t
3622AANV2,f
3622A2MR0,t
3622A2C67,t
36225BKB3,t
36241KS82,t
3622A2YT3,t
3622AA6R0,t
3622A2GK2,f
3622A2B27,t
36225ASN1,t
3622A2VX7,t
36225BJW9,t
3622A23U4,t
3622A2KK7,t
3622A3CJ7,t
3622A2PX4,f
36241KDK1,t
3622AADU5,t
3622AA2A1,f
36241KML9,t
3622AA6Q2,f
3622A2RM6,t
36225BEK0,t
36241KSY5,t
3622AAS70,t
3622AAU77,t
36225BAL2,t
36241KPP7,t
36225BM21,t
36225AGM6,t
3622A2EY4,t
3622A2EQ1,t
36225BK80,t
36241KHK7,t
36241LX27,t
3622A2F80,f
36241LPE0,t
36241KFC7,t
36241KCE6,t
36241LDE3,f
36225AWN6,t
3622AA3V4,f
3622AAFT6,t
3622AAAU8,t
36241LQS8,t
3622AAHV9,t
36225ARA0,t
3622AAEH3,f
3622A2DW9,f
3622A25U2,t
36241KNE4,f
3622AA4M3,f
3622AAGV0,t
3622A3AP5,f
3622AAJG0,f
3622A2D25,t
3622A3CU2,t
36225BXC7,t
3622A2XB3,t
36241L6H4,f
36225AAW0,t
3622AAZG2,f
3622AAP65,t
36241LWP7,t
36225BHH4,t
36241KH92,t
3622A3B58,t
36241KUG1,t
3622A2GF3,t
36241LEL6,f
36241KEE4,t
3622A23E0,t
3622A2ZZ8,f
3622AARR7,f
3622AAMQ4,f
3622A2KQ4,t
3622AATS3,f
3622AA5Q3,f
36241KPK8,t
36225BPY8,t
3622A3A59,t
36225BPA0,t
3622A2KU5,f
36241KHL5,t
36241KQW1,t
3622AAD35,t
36241K2U1,t
3622A2HM7,t
36241KWK0,t
3622AAP73,t
3622AAPV0,t
36241KVU9,t
3622AAZN7,f
36241LVV5,t
36241LKT2,t
36241L3J3,t
3622AANY6,f
36241KCL0,t
36225B6M5,t
36241KNG9,t
3622AATV6,f
3622A2H96,f
3622AASK1,f
36241LYB6,t
3622AAM76,f
36241K2A5,t
36241KGH5,t
36225AUH1,t
3622A2F31,f
3622A2SU7,t
36241KAM0,t
36225BL22,t
36241KXP8,t
36225BXW3,t
3622A3B82,t
3622A2P55,f
3622AAEE0,f
36225A5J5,t
36241KVW5,t
36241KA81,t
3622A2UX8,t
36241LSE7,t
36241KR83,t
36225AKP4,t
36241LFB7,t
36241LQZ2,t
36241K4X3,t
36225ABA7,t
36241KBG2,t
3622AAHW7,f
3622A2NG3,f
36241KVM7,t
3622AAXN9,f
3622AAX25,f
3622A2K84,f
36225BSF6,t
36241K5E4,t
36241KNM6,t
36225BXQ6,t
3622AA3Z5,f
36241L6N1,f
3622A27B2,f
36241LSS6,t
36241L6J0,t
36241KS41,t
3622AAKN3,f
36225BXJ2,t
36241LN51,f
36241KCQ9,t
3622A2PV8,t
3622A2BP6,t
3622AAJZ8,t
36225B6H6,t
3622A2BV3,f
36241LVR4,t
3622A25M0,f
36241LQC3,f
36241KKA5,t
36241KJ74,t
36241LTW6,t
3622AASH8,t
36241LA63,t
36225ARN2,t
36225B6B9,t
36241LT22,f
36241LAD8,t
36241L4Y9,f
36241KG69,t
36225BUW6,t
36225BTY4,t
36225BGZ5,t
36241KZQ4,t
3622A2VA7,t
36241LSM9,t
3622AAWP5,f
3622AAR55,f
3622A2FN7,t
3622AAK78,f
36225BZS0,t
3622A26G2,f
36241LWV4,t
3622A2QG0,f
36225BYB8,t
36241KFK9,t
36241KHD3,t
36225BKU1,t
36225BX29,t
3622AALL6,f
36241K2G2,t
3622AAGA6,f
36225ASM3,t
3622ABA36,f
36241LXL5,f
36225BWN4,t
3622AA2G8,f
36241KJS8,t
36241KP77,t
36225AEG1,t
3622A2EA6,t
3622AAPW8,f
3622A2E24,t
36225AUP3,t
36225BPF9,t
36225BQJ0,t
3622A2QJ4,t
36241KJ82,f
3622A2TB8,t
36225BVE5,t
36241LM29,t
36225ANR7,t
36225A3L2,t
3622AAHK3,f
36225BTT5,t
36241LLB0,t
36225B6A1,t
36225AVB3,t
36225AHC7,t
36225AYS3,f
36225AWQ9,t
3622AA2V5,f
3622AA3W2,f
3622AAMJ0,f
36225B4U9,t
36241LRL2,t
3622AAB86,t
36241L2B1,t
3622AAYB4,f
3622A2WX6,t
36241LSZ0,t
3622A2T69,t
3622AAZ64,f
3622AAFA7,f
3622AAAB0,f
3622AAFM1,t
36241KYU6,t
36225BVX3,t
3622A2VP4,f
36241LJG2,t
36241KWS3,t
3622A2TK8,t
36241LTH9,t
36241LUV6,f
36241LDM5,t
3622A2UQ3,f
36241LTN6,t
3622AA6F6,f
36241LW36,t
36225B4D7,t
3622AAY81,f
36241KAR9,t
3622A2SC7,t
36241LLR5,t
3622AASP0,f
3622A2AR3,t
36225AQT0,t
36241L4W3,t
36241LF27,f
36241LTQ9,f
3622AAX74,f
3622A2RE4,t
36241KJB5,t
36225BKK3,t
36225BXM5,t
36241LK47,t
36241KCJ5,t
36225AXN5,t
36241KE20,t
36241LQY5,t
36241LWL6,f
36241K4T2,t
3622AAF66,t
3622A2X98,f
36241KBQ0,t
3622AAPC2,f
3622AAMU5,f
36241LR81,t
3622AAMS0,f
36225BNK0,t
3622A2YU0,f
3622A2NR9,t
36225BVD7,t
3622AAHX5,f
3622AA2T0,f
36241LQ90,t
36241K6M5,f
3622A2QS4,t
36225BDM7,t
3622A2XM9,t
3622AAZF4,f
36225B6K9,t
36225ARB8,t
36225BV70,t
36241LH33,f
3622AAZV9,f
36225BP77,t
3622A2XN7,f
36241KMR6,t
3622AAQC1,f
36241KEX2,t
3622A3A67,t
3622A22A9,t
3622A2YR7,f
3622A2Z39,f
36241KJJ8,t
36241LJB3,t
36241KDQ8,t
36241LHJ8,f
3622AA4U5,f
3622A3CQ1,f
36241KN46,t
3622AAEP5,f
36225BUT3,t
36225BWC8,t
3622AANW0,t
3622AAG81,t
3622AAGB4,t
36225AA59,t
3622A2D82,t
36241KJF6,t
36225BDT2,t
36225A6M7,t
36225AS27,t
3622A2WS7,f
3622A2E65,t
36225BME5,t
36241LBB1,t
3622A2FX5,f
36225B2W7,t
36241LRA6,f
3622AA2K9,f
36241KL55,t
3622AAPQ1,f
36225BKJ6,t
3622A2DZ2,t
36241KMK1,t
3622AA5R1,f
3622AAFY5,t
3622A2L67,f
3622A2WY4,t
36225BAF5,t
36241KTA6,t
3622AAMF8,f
36241LL87,f
3622AAW34,t
3622AAM50,f
36241LWA0,t
3622A2S78,t
36225ACQ1,t
36225BHD3,t
3622AAH80,t
3622AASG0,f
36225B3B2,t
36241KCU0,t
36241KGK8,t
36241LRK4,t
3622A2RR5,t
3622A25T5,t
3622A2LN0,t
36225BBG2,t
3622A2ZS4,t
3622AAT79,t
3622AAK94,f
36241LXW1,t
36225AWK2,t
36241L3C8,t
36241KUU0,t
36225BAE8,t
3622A2HZ8,t
36225AEB2,t
3622AARY2,f
3622A2JH6,f
36241LAY2,t
36241KGN2,t
36241KEZ7,t
36241KJ41,t
3622AAKM5,f
3622AAUE2,f
3622AA3N2,f
3622AA3K8,f
36241KUF3,t
36225B2Z0,t
3622AALC6,f
36225B5Z7,t
3622A2AG7,t
36225BUB2,t
36241K3V8,t
36241KXX1,t
3622AAPE8,t
36241LHQ2,t
3622A2UE0,f
3622AACW2,t
3622AA6W9,f
3622A22C5,t
36225AXS4,t
36225BXY9,t
3622A2RZ7,t
3622A2UA8,t
36241KE87,f
36225BTB4,t
36225AXD7,t
36241K4Y1,t
36241KXT0,t
3622A2Y30,f
36241KSA7,t
3622A3B25,f
36241KSE9,t
36241KJH2,t
3622AAXC3,t
3622A22R2,t
3622A2EH1,t
36241KPD4,t
36241L4Q6,t
3622A2Y48,t
36241LNG7,t
3622AAAC8,f
3622A2H88,f
36241KQE1,t
36225AWE6,t
3622AAWV2,f
36225BF29,t
3622A2MK5,t
36225BT24,t
36225B2G2,t
36241KFN3,t
3622AA7L2,f
36241LDW3,t
36225BNM6,t
3622A2JA1,f
3622A2EE8,t
36225AWL0,t
36225BVS4,t
3622A2FS6,t
3622A2BU5,f
36225BQE1,t
36225BG51,t
36225AG53,t
3622A2WH1,f
36241KFT0,t
3622AATU8,f
36241KPL6,f
36241KES3,t
3622AAJ70,f
36241KQ76,t
36241KT99,t
36241LAM8,t
36225BSC3,t
36225BMX3,t
36225AUG3,t
3622AA6P4,f
36241KQ43,t
3622A2XV9,f
3622AA4E1,t
36241KRG5,t
36225A7H7,t
36225BUP1,t
36241KKE7,t
3622A2XP2,t
3622A2WZ1,t
36241LEB8,t
36241LC38,f
36241LAE6,t
36241KUA4,t
3622A23M2,f
3622AATW4,f
3622A2GS5,f
36241LE69,t
36241KNT1,t
3622A2AV4,f
3622A2S29,t
36241KZZ4,t
3622A2RQ7,f
3622A2BH4,t
36241LE85,t
3622AAJU9,t
36225AC65,t
36241LXM3,t
36225BWH7,t
36225AAM2,t
36241LDJ2,t
36241KSH2,t
36225AFJ4,t
3622A3AC4,f
3622A2MM1,f
36225BKN7,t
36241LS72,f
36225BEQ7,t
3622A2KV3,t
3622AATF1,f
36241LT97,t
36241KUJ5,t
3622AAWC4,f
3622A2FA5,t
36241KCT3,t
3622A2CZ3,f
3622A2KB7,t
3622AAXV1,f
3622A2YH9,t
36241LGX8,t
36225AUC2,t
36241LWD4,f
3622AAZJ6,f
3622AAKK9,f
3622A26V9,f
3622A2SJ2,t
3622A2K35,f
36241KTY4,t
36225ATR1,t
36241LAN6,t
3622AAYZ1,f
3622A2VY5,f
36241LBS4,t
3622A2VL3,t
36241LWB8,t
36225BGV4,t
3622A2WJ7,t
36241KLF3,t
36225AF62,t
3622A3BE9,t
36241L5J1,t
36241L4R4,t
36225BFB9,t
3622AATA2,t
3622AACF9,f
36241LCG9,f
36241K5V6,t
3622A2KT8,f
36225ADQ0,t
36241KWH7,t
3622A2EV0,t
36241KE38,t
36241L2K1,f
36241KXE3,t
36241KLC0,t
36225BG36,t
36225AU24,t
36241LJJ6,t
3622AAPS7,f
36225APE4,t
36225A6N5,t
36241KLW6,t
3622A2XF4,t
36241KAA6,t
3622AAFR0,t
36241LRF5,t
36241KSR0,f
36241LQ58,t
36225AU40,t
36241KZV3,t
36225APF1,t
36241K4L9,t
36225AZG8,t
36225B3C0,t
3622AAA53,t
36241LTS5,t
36241LNL6,t
36241L3H7,t
36241LT30,f
36241KFH6,t
36241LNJ1,t
36225BXG8,t
3622AASR6,f
3622A2VR0,t
36241LP91,t
36225A6T2,t
36241KBF4,f
3622A3BP4,t
3622AAJE5,f
36241LQT6,t
36225BSB5,t
3622AAQE7,f
36225BCL0,t
36241KWL8,t
36225AYA2,t
3622A2TN2,t
3622A2HR6,t
36241L6X9,t
36225BWJ3,t
36225ANZ9,t
3622A2QL9,t
36241LKM7,t
3622AALV4,f
36225AXF2,t
3622AAN34,t
3622AAHQ0,t
3622AAMK7,f
3622A3AM2,t
36241LNX0,t
3622A2U42,f
3622AAB94,t
3622AABM5,f
3622A2W40,t
3622A2Y63,f
36241LQP4,t
3622AARF3,f
36241LK54,t
3622A2B50,t
3622AAJW5,t
36241L4S2,t
3622A2LF7,f
36225AKS8,t
36241KHB7,t
36241LKK1,t
3622AAQJ6,t
36241KPH5,t
36241LDG8,t
3622A3BF6,t
36241KEC8,t
36241KU22,t
3622AAXF6,f
36241KL71,t
3622AAQV9,f
36241KRV2,t
36225A2C3,t
36241KNY0,t
36241LWZ5,t
3622A26A5,f
36241KVZ8,t
36225BVK1,t
3622AAJH8,f
3622AAG32,f
3622A3AG5,f
36241L6A9,t
3622AADV3,t
3622AACD4,f
3622A26R8,f
36241LQB5,f
36241LCC8,f
3622A2EF5,t
36241LZ66,t
36225B5X2,t
36225AEY2,t
36225BHN1,t
36225ANA4,t
3622AAN75,f
36241KT73,t
3622AAWS9,f
36241LBC9,t
3622AARB2,f
3622AAAN4,f
36225B7J1,t
3622AA6V1,f
3622A3AY6,f
36225BVL9,t
3622AAYP3,f
3622AAG65,f
3622A2SX1,t
3622A2DG4,t
36225ARE2,t
36225AMB3,t
3622ABBC5,f
3622AAHE7,t
36241LBE5,t
3622A2LC4,f
36225BG69,t
36225AWP1,t
3622A2CT7,t
3622A2C83,f
36241LL61,t
36241LJ56,f
36241KYM4,t
36241LR24,t
36225BLA4,t
36241KUK2,t
3622A2JM5,t
3622A2DM1,f
3622AAM92,t
36225AQD5,t
36225AUF5,t
36225B7M4,t
3622AAX58,f
3622AAFB5,f
36241LXB7,f
36225BCK2,t
36225A4Q0,t
3622A2C42,t
3622A2NN8,t
3622A2SV5,f
3622A25F5,f
3622A2V58,f
3622AACT9,f
36241LTX4,f
36241KNK0,t
36225BQR2,t
36241LVN3,f
36241K3Q9,t
3622AAC28,f
36241KR91,t
3622AASJ4,t
36241KJM1,t
36225BAJ7,t
3622AAAV6,t
36241KW20,t
36241KHC5,t
36241LFM3,t
36225BKD9,t
3622A25H1,f
36225BA81,t
3622AAXE9,f
36241LYU4,f
3622A2SB9,t
3622ABBS0,f
36241LBT2,f
36241KVD7,f
36241K6S2,t
3622AAV35,f
36241LNS1,t
3622A2AL6,t
36225BTX6,t
3622A2AJ1,t
36241K3K2,f
3622A3CB4,t
36241KDM7,t
36225AJ27,t
3622AAQ49,f
36225BM54,t
36225ARS1,t
3622AATR5,f
3622AAZA5,f
36225BQY7,t
36241K6Y9,t
36241KTU2,t
3622AANR1,t
36225BP51,t
36225AUL2,t
3622A2W24,t
36225AUX6,t
3622AALU6,f
3622A25Y4,t
36241KHW1,t
3622AAN83,f
36225AYZ7,t
3622A2S94,t
3622A2GQ9,t
36225AXR6,t
36241KWV6,t
3622A26E7,t
36241LGB6,t
3622A2XK3,t
3622A2VW9,t
36225BLM8,t
3622A3A83,f
36241KFV5,t
3622AAU28,f
36241KUN6,t
3622A2YV8,t
36241KRH3,t
36225BFV5,t
36241KQ35,t
36241KS58,t
36225BLT3,t
36225AG87,t
36241LJ31,f
3622AAQF4,f
3622A3C73,f
36225BVT2,t
36225AAQ3,t
36225BLJ5,t
3622AASC9,f
3622A25G3,t
36225AW97,t
3622AAX82,t
3622A2HV7,t
3622AAHF4,t
36241LLX2,t
36225B6X1,t
3622AAKJ2,t
36241LTR7,t
3622AABC7,f
3622A24E9,f
36241LHG4,t
36241KAD0,t
3622A22E1,f
36241LZR0,t
3622A2GJ5,f
36241KJC3,t
3622A2YC0,t
3622A2BZ4,t
3622AAGY4,f
3622A3CG3,t
36241KL97,t
36225AQE3,t
36225AGZ7,t
36241KTR9,t
36241KVQ8,t
36225B5H7,t
3622AAAA2,f
36241KG93,t
3622AAWA8,f
3622A2VM1,t
36241KCN6,t
36225A3C2,t
36241K5J3,t
36225B6R4,t
36241L6E1,f
36225BV21,t
3622AAQS6,f
3622A2KR2,f
36225BPZ5,t
36225BDX3,t
36241LAW6,t
3622A25C2,t
36241KWJ3,t
3622A2CN0,t
36241LE36,t
3622AACR3,f
36225BJA7,t
3622A2T93,t
3622AAKS2,f
3622A2MV1,t
36225AYL8,t
3622AARQ9,f
3622A2S45,f
36225BVJ4,t
3622AASV7,t
36241KLH9,t
36241KX78,t
36241L3W4,t
3622AAPA6,f
36225B6Z6,t
36241LY91,t
3622A2MQ2,f
3622AAT95,t
3622A2C26,f
3622A2JT0,t
36241KR34,f
36225AQV5,t
36225BBY3,t
3622A2PN6,f
36225AQ60,t
3622AAQH0,t
36241KQT8,t
3622A2LM2,t
3622ABB35,f
36225A3W8,t
3622ABA69,f
36241KP28,t
3622AAKA1,f
3622A2C59,t
36241LPF7,t
36241LRB4,f
36225BYY8,t
36225BNL8,t
36241L5K8,t
3622AA5H3,f
36241KUL0,t
3622A2SN3,t
36225BP36,t
3622A2CF7,t
3622AAPK4,f
36225AB90,t
3622AAZK3,f
3622A2QD7,t
3622A2A77,t
36241K3J5,t
36225A4F4,t
3622AA3R3,f
36241K4M7,t
36241LAV8,t
3622A2NM0,t
3622AAVV3,f
3622AAW67,f
3622AACS1,f
3622A2JP8,t
3622A25X6,t
3622AAWD2,f
36241LWU6,t
36225BUK2,t
3622A23H3,f
36241KBZ0,t
36225AWF3,f
3622AAL93,f
3622A2GU0,t
36241KYW2,t
36241K6P8,t
3622A3C57,f
36241KB64,t
36225AHD5,t
36241KA32,t
36241KQP6,t
3622AA7A6,f
3622AAAT1,t
36241KKD9,t
36225BVF2,t
3622A2LQ3,f
3622A3B66,t
36225BJ66,t
36225BMD7,t
36241LFX9,t
36225BWF1,t
36225AXT2,t
3622A2ZA3,f
3622AALZ5,f
36241LMS2,t
3622AAPB4,f
3622AAKF0,f
3622A2CS9,t
36241KW61,t
3622AA7F5,f
3622AACQ5,t
36241LQN9,t
3622AAH23,f
3622AAB29,f
36225BUD8,t
36241KK56,t
3622A24G4,t
3622A2NJ7,f
36241KCY2,t
36241LZS8,f
36241KWF1,t
36225BGX0,t
36241L2L9,t
36241KMW5,t
36225AUA6,t
3622A2GC0,f
36225AGG9,t
3622A2G63,t
36241KAE8,t
36241LW93,t
3622AAFW9,f
36241KN61,t
36225A3D0,t
36225BQF8,t
3622A3AB6,t
36241LV60,t
36241KYS1,t
36241LBP0,t
3622A2S60,t
36241LCR5,t
36241KYG7,t
36225A2B5,t
3622AANH3,t
36241K2J6,t
3622A2BJ0,t
36225ADZ0,t
36241LMW3,t
3622A2FH0,t
36241LUC8,t
36241LF50,t
36225BNV6,t
3622AAWB6,f
3622AASQ8,f
3622AAXZ2,t
3622A2PR7,f
3622AALM4,f
36241KJQ2,t
36241LCX2,t
3622A2NS7,t
36241L5V4,f
36241K2D9,t
3622AAAY0,f
36241LMN3,t
36241K5Q7,t
36241LYF7,t
36241LM78,f
36241LYA8,t
36241KQ50,t
36225BJ33,f
36241KZH4,t
3622A2YZ9,f
3622AAFL3,t
36241LUT1,f
36225BAY4,t
36241KFF0,f
36241L4A1,f
36241K6Q6,t
36241K6A1,t
36225A5Z9,t
36241K7A0,f
36241KWX2,t
3622AARG1,t
36241KYY8,t
3622A2FP2,t
36241L5R3,f
36241L3T1,t
3622A2L75,t
36241KSQ2,t
36225AEV8,t
36241KXB9,t
36241KRY6,t
36225BJQ2,t
3622A2LH3,f
36241K7H5,t
36241KTS7,t
3622A2CR1,t
36241K2C1,t
36241KQL5,t
3622AAUY8,f
3622AALK8,f
36241LRJ7,t
3622A2YF3,t
3622A2M33,t
3622AAAG9,t
3622A23S9,t
3622A27E6,f
36241KYL6,t
3622AAEK6,f
36241KNZ7,t
3622A2AD4,t
36241KQ27,t
36241LYQ3,f
36241KUQ9,t
36241K2V9,t
36241KQY7,t
36225BZX9,t
36241KXU7,t
3622A2LP5,f
3622A2N57,t
3622A2MU3,t
36241LZZ2,t
36225BKF4,t
36225AFF2,t
36241KQV3,t
36241LJY3,t
36241LDK9,t
36241L6Z4,f
36241LYS9,t
3622A3BR0,t
36225BQ92,t
36241LBQ8,t
36225AY46,t
3622A3BL3,t
36225BET1,t
3622A2HQ8,t
3622A2P63,f
36241LX68,t
36225BLN6,t
3622A2SL7,f
36241KTF5,t
3622A2QU9,f
3622A2QZ8,t
36225AE48,t
3622AAUR3,f
3622AAMP6,f
36241KAB4,t
36225ADJ6,t
3622ABAM4,f
3622AALS1,f
36241LYN0,f
36241KM47,f
36225AYM6,t
36225BYL6,t
36225ARP7,t
3622AA4S0,f
36225AZD5,t
36241LN69,t
3622AA5C4,f
3622AACB8,f
36241KK64,f
36241L6G6,t
36241L6W1,t
3622AAGD0,f
36225BB31,t
3622AALA0,f
36241LV94,f
36241KCF3,t
36241LB54,t
3622A2UU4,t
3622AAJQ8,f
36225BK49,t
36241LVJ2,t
36241KMU9,t
36225AVS6,t
36241LZT6,t
36241KWD6,t
36225AQW3,t
3622AAVW1,f
3622A2ZB1,t
3622A2U34,f
36241LTB2,t
3622AAC77,t
3622A2TT9,f
3622A2AU6,t
36225BZU5,t
36241KEU8,t
36225BEA2,t
36225BAM0,t
36225ALX6,t
3622A2Q21,f
36225BYG7,t
3622ABAJ1,f
3622A2DX7,t
36241LBM7,t
3622A2NL2,f
3622AAWR1,f
36225BWV6,t
36225A5E6,t
36241KRL4,f
36225BB80,t
36225BX86,t
3622AABP8,t
36241LCH7,f
36225BBB3,t
36241KFJ2,t
36241KLA4,t
36241LZU3,t
36241LZ90,f
3622AARV8,t
3622AAFG4,t
36241LPH3,f
36241LS49,f
36241LKH8,t
36241LN36,t
36241KE53,t
36241KSX7,t
36241KJV1,t
36225B3V8,t
36241LDH6,t
36225B2U1,t
36241KTZ1,t
3622AA7E8,f
3622A24J8,f
36241KPY8,t
36225BJD1,t
36225AVT4,t
36225BYE2,t
36225AXJ4,t
36225BH35,t
36241LAC0,t
3622AAEW0,f
3622A2KD3,t
3622ABAB8,f
3622AAWW0,t
3622A3BZ2,f
36225AS68,t
36241KUR7,t
36241KX37,t
36241KFB9,t
36241L4X1,t
36241LSL1,f
36241KKZ0,t
36241LXT8,t
36241KG85,t
3622A25J7,f
36225BBM9,t
36241LKA3,t
36241KT57,t
36225BTA6,t
36241KLQ9,t
3622AA7H1,f
36225B4H8,t
36241LLL8,t
36241LHD1,f
3622AANB6,t
36225B4S4,t
36241KUC0,t
3622AAES9,t
36241LWT9,f
36241LHP4,f
3622A23Z3,f
36241KH84,t
3622AAAK0,f
36241KFL7,t
36241LTT3,t
3622AABF0,t
36241LRM0,t
3622A2KF8,t
36225ALZ1,t
3622AADP6,f
36225BD62,t
3622A3AW0,f
3622A22B7,t
36241KXR4,t
36241KKR8,t
36225A7K0,t
3622A3C99,f
3622A2VH2,f
36225BYD4,t
36225ANT3,t
36241KL30,t
3622AANN0,f
36241LLS3,t
36225BA73,t
36241L4J2,f
3622A2MH2,t
36241LY42,f
36241LAP1,t
36241LQK5,t
3622AAKW3,t
36225BVB1,t
3622AA6Z2,f
36241LA55,t
36241LUD6,t
3622A3B41,f
3622AA5F7,f
36241LK96,t
36241LV52,t
3622A2LD2,f
36241K2E7,t
36241KEH7,t
36225B4F2,t
36225BZF8,t
36241LSG2,t
3622AAG73,t
36225BK64,t
3622AAAH7,f
3622A3AN0,f
3622A2H21,t
36241LJH0,t
36241LXP6,t
3622AAJD7,f
3622A2MN9,f
36241LSU1,t
36241LLU8,t
36241LPP5,t
36241KY28,t
36225BBF4,t
3622AALE2,t
3622A2D58,t
36241LTM8,f
3622A2LE0,t
3622AADK7,t
3622A26F4,f
36241LLV6,t
36241KN20,t
36241LT48,f
36241K3G1,t
36241K2P2,t
3622A2WR9,f
36241LSJ6,f
36241KBL1,t
36225BKG2,t
3622AAZW7,f
36241LD29,f
36241KFY9,t
3622A2D74,f
36225BNA2,t
3622A26T4,f
36241KGW2,t
36225A2H2,t
36225A4E7,t
3622AAN67,f
3622ABBE1,f
36225BLL0,t
36225BTR9,t
36241KME5,t
3622AAQD9,f
3622A2BD3,f
36241KPT9,t
36225A6X3,t
36241LGQ3,t
36241KLV8,t
36225BBT4,t
36225BBE7,t
36225BX60,t
3622AAWQ3,t
36241KZD3,t
36241KC22,t
36225BFP8,t
36241LS64,f
36241LAS5,t
36225B5E4,t
3622A2EM0,f
3622AAE59,f
3622A23R1,f
3622AAA46,t
36225B2A5,t
36241LGG5,t
36241LEA0,t
36225BY69,t
3622AAEY6,t
36241KK72,f
3622A2KC5,f
3622A2BT8,f
36241L5M4,f
36241LHU3,t
3622A25S7,t
3622A23N0,f
3622AAK86,f
36241KZN1,t
36225ADU1,t
36241LML7,f
3622AAXT6,f
36225BU22,t
36225BKW7,t
36241LS80,f
36241LQ33,t
36225BGD4,t
3622AADE1,t
3622A22Q4,t
36241LCE4,t
36225BAX6,t
3622AALY8,f
36225ATH3,t
36241LSN7,t
36241LNM4,f
3622AA6B5,t
36241LQQ2,f
36225BF52,t
36241KMV7,t
3622AA7J7,f
3622A2V25,f
36225BYR3,t
36241KYZ5,t
36241LUA2,f
3622A3BH2,f
36225BEL8,t
3622AAZS6,f
3622A23D2,t
36225ASJ0,t
3622A3CV0,f
36225AG95,t
36241LSR8,f
36241KZ76,f
36241LK39,t
36241KAQ1,t
36241KYH5,t
36225BWK0,t
36225AZM5,t
3622AABD5,f
36241KH68,t
36241KPA0,t
3622A2CV2,t
36241LV37,f
36225BPJ1,t
36225BAQ1,t
3622A2ER9,f
36241LBY1,f
3622AAMB7,f
36225A7A2,t
3622A2AN2,t
36225BEV6,t
3622A2SY9,t
3622AATH7,f
36241LKF2,t
36241KK31,t
3622AA5E0,f
36241K4H8,t
36241K6J2,t
36241LSQ0,t
3622A2PU0,t
36241KZ27,t
36241KPZ5,t
3622AAU85,f
3622A2KL5,f
36241L4T0,t
3622A2HK1,f
3622A2F98,f
36225BXZ6,t
36225BNF1,t
3622A2HF2,f
3622A3C32,f
3622A2ZK1,f
36241LUL8,t
3622A2XQ0,t
3622A2YD8,t
36225AFH8,t
3622AAHT4,f
36241KX94,t
3622AAX90,f
36241KX86,t
36225BMP0,t
36225BPK8,t
3622AAY24,f
36225AHV5,t
36241K6F0,t
3622A2TJ1,f
36241K3D8,t
3622A2G30,t
36241KET1,t
36225A3T5,t
3622AA6H2,f
36225BUX4,t
3622AAKB9,f
36225BKP2,t
36241KX60,t
36225BZJ0,t
36241K5P9,t
3622AAY99,f
3622AAND2,t
3622A24K5,t
3622AACZ5,f
3622AAWY6,f
3622A2B92,f
36241K4G0,t
3622A2H62,t
36241KN53,t
3622A2N24,t
36225BKS6,t
3622AA5W0,f
3622A2UK6,t
36225BSP4,t
36225BZ76,t
36225B3F3,t
3622A2P71,f
3622AAVR2,f
36241LBK1,t
36241K3F3,t
36241KYA0,t
36241KUM8,t
36241KM88,t
3622A3CW8,f
3622AAGJ7,f
3622A2H39,f
3622A2G22,f
3622AAYY4,f
3622A2UM2,f
36225AWC0,t
3622A2YW6,t
36241LKR6,t
3622A2S37,t
36225ACJ7,t
36225ASB7,t
36225AVD9,t
36241LTE6,t
36241KQX9,t
36241LRS7,t
3622A2GB2,f
36241LRW8,t
36225BP69,t
36241KAT5,t
36225AVG2,t
3622A25K4,t
36225BHV3,t
36225AHQ6,t
3622A26U1,f
3622A2PM8,f
36225AN48,t
36225ATV2,t
36225BBA5,t
36241KU89,t
36241KGT9,t
36225AEL0,t
36241LT71,t
36225AB33,t
3622A3C40,f
3622AANM2,t
36241KLJ5,t
36225B6P8,t
36241L4G8,t
