cusip,name,indicator,type,issuedate,maturitydate,originalface,istbaelig
36225AXJ4,780681,X,SP,19971201,20250615,33140430,t
36225AYH7,780712,X,SP,19980201,20220815,32575833,t
36225AZB9,780738,X,SP,19980301,20231215,151004980,t
36225AY79,780734,X,SP,19980301,20280315,225005000,t
36225AXM7,780684,X,SP,19971201,20271215,25775202,t
36225AY53,780732,X,SP,19980301,20280315,134294191,t
36225AY38,780730,X,SP,19980301,20231215,112005000,t
36225AX62,780701,X,SP,19980101,20221215,100005000,t
36225AYJ3,780713,X,SP,19980201,20230815,42084928,t
36225AZA1,780737,X,SP,19980301,20280315,50009861,t
36225AYN4,780717,X,SP,19980201,20280215,125002768,t
36225AZQ6,780751,X,SP,19980301,20280215,60335083,t
36225AZL7,780747,X,SP,19980301,20280315,445505000,t
36225AX54,780700,X,SP,19980101,20231215,76000000,t
36225AZG8,780743,X,SP,19980301,20261215,150005000,t
36225AYA2,780705,X,SP,19980101,20231215,150577061,t
36225AYZ7,780728,X,SP,19980301,20280315,110114545,t
36225AYL8,780715,X,SP,19980201,20240715,107920505,t
36225A2B5,780770,X,SP,19980401,20280415,290126814,t
36225AYM6,780716,X,SP,19980201,20280215,143965012,t
36225A2U3,780787,X,SP,19980501,20221215,70395749,t
36225A3V0,780812,X,SP,19980601,20271115,10313053,t
36225A3Z1,780816,X,SP,19980601,20230815,58149780,t
36225A4C1,780819,X,SP,19980601,20220815,32951576,f
36225A4S6,780833,X,SP,19980701,20250415,33123800,t
36225A6S4,780881,X,SP,19981001,20281015,198005000,f
36225BAR9,780916,X,SP,19981101,20240915,34875910,t
36225BB98,780964,X,SP,19990101,20250415,52439736,f
36225BCA4,780965,X,SP,19990101,20251215,16759936,t
36225BBZ0,780956,X,SP,19990101,20290115,200004998,t
36225A5V8,780860,X,SP,19980901,20280915,303005000,t
36225A6J4,780873,X,SP,19981001,20281015,148422810,t
36225BAP3,780914,X,SP,19981101,20281115,596975000,t
36225A7B0,780890,X,SP,19981101,20271115,200539975,t
36225A2E9,780773,X,SP,19980401,20280415,150067417,t
36225BBD9,780936,X,SP,19981201,20281215,808005000,t
36225A7F1,780894,X,SP,19981101,20281115,151505000,t
36225A2V1,780788,X,SP,19980501,20280415,100005000,t
36225A3E8,780797,X,SP,19980501,20280515,297005000,t
36225A5F3,780846,X,SP,19980801,20220815,129820149,t
36225A4W7,780837,X,SP,19980801,20211215,10797039,t
36225A2J8,780777,X,SP,19980401,20280415,150605000,t
36225A4H0,780824,X,SP,19980701,20280715,207646849,t
36225A5L0,780851,X,SP,19980901,20271215,28000000,t
36225A6W5,780885,X,SP,19981101,20231215,180522260,t
36225BBU1,780951,X,SP,19990101,20290115,102790212,t
36225BAN8,780913,X,SP,19981101,20240915,128705000,t
36225A3A6,780793,X,SP,19980501,20280515,249485000,t
36225BB64,780961,X,SP,19990101,20280915,148505000,t
36225BB72,780962,X,SP,19990101,20281215,1000005002,t
36225BAH1,780908,X,SP,19981101,20281115,75005000,t
36225A6P0,780878,X,SP,19981001,20271215,252502799,t
36225A3X6,780814,X,SP,19980601,20280615,100005000,t
36225A4A5,780817,X,SP,19980601,20280615,101077999,t
36225BBJ6,780941,X,SP,19981201,20281215,1000005000,t
36225BAZ1,780924,X,SP,19981101,20280715,39390879,t
36225BA99,780932,X,SP,19981201,20281215,100964642,t
36225A6V7,780884,X,SP,19981001,20281015,803266427,t
36225A6U9,780883,X,SP,19981001,20261215,449635062,t
36225A3J7,780801,X,SP,19980501,20231215,100069773,t
36225BBG2,780939,X,SP,19981201,20281115,50505000,t
36225BAE8,780905,X,SP,19981101,20280915,184860000,t
36225A7H7,780896,X,SP,19981101,20281115,255611152,t
36225BAJ7,780909,X,SP,19981101,20241015,117527860,t
36225BA81,780931,X,SP,19981201,20281215,199734313,t
36225A3W8,780813,X,SP,19980601,20280615,336005000,t
36225A3D0,780796,X,SP,19980501,20231215,139303496,t
36225BAY4,780923,X,SP,19981101,20261215,27958000,t
36225BAM0,780912,X,SP,19981101,20281115,440703750,t
36225BB80,780963,X,SP,19990101,20280815,252647102,t
36225BBB3,780934,X,SP,19981201,20211215,12107827,t
36225A7K0,780898,X,SP,19981101,20281115,100045914,t
36225BBF4,780938,X,SP,19981201,20271215,101005000,t
36225A2H2,780776,X,SP,19980401,20280415,202005000,t
36225A4E7,780821,X,SP,19980701,20280115,101192047,t
36225A6X3,780886,X,SP,19981101,20241015,313959415,t
36225BBT4,780950,X,SP,19990101,20281215,100032346,t
36225BBE7,780937,X,SP,19981201,20281215,52046024,t
36225BAX6,780922,X,SP,19981101,20260315,10849807,t
36225BAQ1,780915,X,SP,19981101,20280915,100005000,t
36225BBA5,780933,X,SP,19981201,20281215,239375000,t
36225BFW3,781081,X,SP,19990901,20211215,24818548,t
36225BGZ5,781116,X,SP,19991201,20291015,100008685,t
36225BHB7,781126,X,SP,20000101,20250915,10937790,t
36225BGW2,781113,X,SP,19991101,20291115,2000029393,t
36225BG93,781124,X,SP,19991201,20291215,750005000,t
36225BFG8,781067,X,SP,19990701,20271015,245544293,t
36225BCN6,780977,X,SP,19990201,20281215,1000763807,t
36225BE53,781056,X,SP,19990601,20281215,100005000,t
36225BF45,781087,X,SP,19990901,20290915,200005000,t
36225BF37,781086,X,SP,19990901,20290915,200005000,t
36225BFA1,781061,X,SP,19990701,20280515,192014687,t
36225BHF8,781130,X,SP,20000101,20300115,500005000,t
36225BFK9,781070,X,SP,19990701,20290715,590005000,t
36225BCD8,780968,X,SP,19990201,20270915,29375530,t
36225BEU8,781047,X,SP,19990601,20290615,88697969,t
36225BEG9,781035,X,SP,19990501,20290515,500005000,t
36225BC48,780991,X,SP,19990301,20241115,82316667,t
36225BDY1,781019,X,SP,19990401,20290315,50004999,t
36225BC55,780992,X,SP,19990301,20281215,201880000,t
36225BDL9,781007,X,SP,19990301,20290315,200005000,t
36225BD54,781024,X,SP,19990401,20290215,650005000,t
36225BG77,781122,X,SP,19991201,20291215,500080683,t
36225BF78,781090,X,SP,19990901,20250715,25382361,t
36225BG85,781123,X,SP,19991201,20291215,750000000,t
36225BHE1,781129,X,SP,20000101,20281115,150005000,t
36225BEP9,781042,X,SP,19990601,20281115,63005000,t
36225BC30,780990,X,SP,19990301,20281215,176753000,t
36225BHJ0,781133,X,SP,20000201,20300115,112701455,t
36225BFS2,781077,X,SP,19990801,20290815,200005000,t
36225BE87,781059,X,SP,19990601,20290415,510005000,t
36225BDE5,781001,X,SP,19990301,20290315,200005000,t
36225BDW5,781017,X,SP,19990401,20290415,65058723,t
36225BEK0,781038,X,SP,19990501,20290515,1014780681,t
36225BG51,781120,X,SP,19991201,20291215,539004954,t
36225BEQ7,781043,X,SP,19990601,20290515,197175000,t
36225BGV4,781112,X,SP,19991101,20291115,50005000,t
36225BFB9,781062,X,SP,19990701,20280315,135745809,t
36225BG36,781118,X,SP,19991201,20291015,1161904506,t
36225BG69,781121,X,SP,19991201,20291215,400005000,t
36225BCK2,780974,X,SP,19990201,20280815,25005000,t
36225BDX3,781018,X,SP,19990401,20280915,100004999,t
36225BGX0,781114,X,SP,19991101,20290415,100005000,t
36225BET1,781046,X,SP,19990601,20290615,230005000,t
36225BFP8,781074,X,SP,19990801,20290715,200005000,t
36225BGD4,781096,X,SP,19991001,20281215,1014000000,t
36225BEL8,781039,X,SP,19990501,20290515,506005000,t
36225BEV6,781048,X,SP,19990601,20290615,800005000,t
36225BJY5,781179,X,SP,20000501,20211215,16597361,t
36225BKC1,781191,X,SP,20000701,20300615,50005000,t
36225BNE4,781289,X,SP,20010501,20310415,265005000,t
36225BLG1,781227,X,SP,20010101,20261215,80005000,t
36225BLE6,781225,X,SP,20010101,20241215,305036897,t
36225BMQ8,781267,X,SP,20010401,20271215,11244634,t
36225BMH8,781260,X,SP,20010301,20310315,200005000,t
36225BMW5,781273,X,SP,20010401,20310415,150005000,t
36225BMM7,781264,X,SP,20010301,20310315,200005000,t
36225BJ82,781187,X,SP,20000601,20300615,250005000,t
36225BL97,781252,X,SP,20010301,20301215,243370000,t
36225BMT2,781270,X,SP,20010401,20261215,58736432,t
36225BMN5,781265,X,SP,20010301,20291215,1216598899,t
36225BMK1,781262,X,SP,20010301,20310315,150005000,t
36225BKM9,781200,X,SP,20000801,20251215,32618413,t
36225BMC9,781255,X,SP,20010301,20291115,200474065,t
36225BLR7,781236,X,SP,20010101,20300915,150005000,t
36225BL30,781246,X,SP,20010201,20310215,350005000,t
36225BMB1,781254,X,SP,20010301,20251215,11177625,t
36225BMU9,781271,X,SP,20010401,20310415,200005000,t
36225BLP1,781234,X,SP,20010101,20310115,123635000,t
36225BK56,781216,X,SP,20001201,20301215,150005000,t
36225BKX5,781210,X,SP,20001001,20290915,1640005000,t
36225BM39,781278,X,SP,20010401,20310415,400005000,t
36225BMG0,781259,X,SP,20010301,20310315,200005000,t
36225BLK2,781230,X,SP,20010101,20211215,17264528,t
36225BMZ8,781276,X,SP,20010401,20310415,1975005000,t
36225BKV9,781208,X,SP,20000901,20300915,75200000,t
36225BLS5,781237,X,SP,20010101,20301015,385005000,t
36225BJ74,781186,X,SP,20000601,20300615,11224759,t
36225BLW6,781241,X,SP,20010201,20240515,30251436,t
36225BLX4,781242,X,SP,20010201,20310215,50005000,t
36225BHY7,781147,X,SP,20000301,20300215,356737797,t
36225BLH9,781228,X,SP,20010101,20281215,121005000,t
36225BJK5,781166,X,SP,20000401,20300415,125005000,t
36225BLZ9,781244,X,SP,20010201,20290615,150005000,t
36225BJB5,781158,X,SP,20000401,20300415,100005000,t
36225BHZ4,781148,X,SP,20000301,20290715,1143272203,t
36225BML9,781263,X,SP,20010301,20310315,183005000,t
36225BJC3,781159,X,SP,20000401,20300415,300005000,t
36225BKH0,781196,X,SP,20000701,20300715,32005000,t
36225BMF2,781258,X,SP,20010301,20310315,150005000,t
36225BNC8,781287,X,SP,20010501,20310515,2000005000,t
36225BMS4,781269,X,SP,20010401,20300915,200005000,t
36225BND6,781288,X,SP,20010501,20310515,3000005000,t
36225BL89,781251,X,SP,20010301,20251115,25090528,t
36225BJV1,781176,X,SP,20000501,20281215,158305000,t
36225BM21,781277,X,SP,20010401,20281215,150005000,t
36225BL22,781245,X,SP,20010201,20310215,107005000,t
36225BKU1,781207,X,SP,20000801,20300815,708505000,t
36225BKK3,781198,X,SP,20000701,20300715,100005000,t
36225BME5,781257,X,SP,20010301,20310315,58005000,t
36225BKJ6,781197,X,SP,20000701,20300715,200005000,t
36225BMX3,781274,X,SP,20010401,20310415,500005000,t
36225BLA4,781221,X,SP,20001201,20231015,87022522,t
36225BM54,781280,X,SP,20010401,20310415,150005000,t
36225BLT3,781238,X,SP,20010101,20231215,100005000,t
36225BK49,781215,X,SP,20001101,20290915,300005000,t
36225BJD1,781160,X,SP,20000401,20300415,200005000,t
36225BH35,781150,X,SP,20000301,20231215,67855271,t
36225BNA2,781285,X,SP,20010501,20310515,500005000,t
36225BLL0,781231,X,SP,20010101,20301215,1015256780,t
36225BMP0,781266,X,SP,20010401,20241215,131212356,t
36225BPB8,781318,X,SP,20010701,20241215,230247199,t
36225BS90,781444,X,SP,20020501,20301215,100005000,f
36225BNQ7,781299,X,SP,20010601,20310615,250005000,t
36225BQ68,781377,X,SP,20011201,20290915,102005000,t
36225BSJ8,781421,X,SP,20020401,20320315,125005000,t
36225BPP7,781330,X,SP,20010901,20310915,300005000,t
36225BRJ9,781389,X,SP,20020101,20320115,215005000,t
36225BN20,781309,X,SP,20010701,20221215,156221213,t
36225BSV1,781432,M,SP,20020401,20320420,1381834348,t
36225BNG9,781291,X,SP,20010501,20310515,500005000,t
36225BTQ1,781459,X,SP,20020601,20320615,500005000,t
36225BTC2,781447,X,SP,20020501,20320315,500005000,t
36225BNR5,781300,X,SP,20010601,20310615,1000005000,t
36225BTK4,781454,X,SP,20020601,20280515,79731560,t
36225BPE2,781321,X,SP,20010801,20241115,190005000,t
36225BPN2,781329,X,SP,20010901,20310915,400005000,t
36225BP44,781343,X,SP,20011001,20310915,1020005000,t
36225BPM4,781328,X,SP,20010901,20310915,4300005000,t
36225BPC6,781319,X,SP,20010701,20310715,4892496317,t
36225BSK5,781422,X,SP,20020401,20320315,500005000,f
36225BST6,781430,X,SP,20020401,20310915,135005000,t
36225BNW4,781305,X,SP,20010701,20310615,500005000,t
36225BSG4,781419,X,SP,20020301,20320315,475005000,t
36225BSR0,781428,X,SP,20020401,20311015,150005000,t
36225BSE9,781417,X,SP,20020301,20320315,50005000,t
36225BRW0,781401,X,SP,20020201,20320215,500005000,t
36225BSS8,781429,X,SP,20020401,20320315,1500005000,t
36225BNN4,781297,X,SP,20010601,20240915,10040270,t
36225BRK6,781390,X,SP,20020101,20320115,500005000,t
36225BN87,781315,X,SP,20010701,20310715,1000005000,t
36225BQZ4,781372,X,SP,20011101,20241015,326195775,t
36225BNP9,781298,X,SP,20010601,20271215,349027365,t
36225BPH5,781324,X,SP,20010801,20310715,3557005000,t
36225BTE8,781449,X,SP,20020501,20320515,1000005000,t
36225BRX8,781402,X,SP,20020201,20320215,1000005000,t
36225BP28,781341,X,SP,20011001,20311015,300005000,t
36225BN95,781316,X,SP,20010701,20310715,100005000,t
36225BSM1,781424,X,SP,20020401,20311215,200066746,f
36225BQB7,781350,X,SP,20011101,20251215,43655785,t
36225BTD0,781448,X,SP,20020501,20320515,900005000,t
36225BRN0,781393,X,SP,20020201,20320115,100764008,t
36225BSX7,781434,M,SP,20020501,20320520,140409266,t
36225BPT9,781334,X,SP,20011001,20310815,239505008,t
36225BSU3,781431,X,SP,20020401,20320415,2800005000,t
36225BPY8,781339,X,SP,20011001,20310915,1057390000,t
36225BPA0,781317,X,SP,20010701,20310715,1000005000,t
36225BSF6,781418,X,SP,20020301,20320215,1100009000,t
36225BTT5,781462,X,SP,20020701,20290615,51005000,t
36225BNK0,781294,X,SP,20010601,20280915,91989292,t
36225BP77,781346,X,SP,20011001,20311015,300005000,t
36225BTB4,781446,X,SP,20020501,20320215,171258478,f
36225BNM6,781296,X,SP,20010601,20310615,50005000,t
36225BQY7,781371,X,SP,20011101,20231215,387426577,t
36225BP51,781344,X,SP,20011001,20311015,19214248,t
36225BPZ5,781340,X,SP,20011001,20311015,1500005000,t
36225BP36,781342,X,SP,20011001,20311015,2230005000,t
36225BNV6,781304,X,SP,20010701,20241215,43339347,t
36225BQ92,781380,X,SP,20011201,20311215,500005000,t
36225BTA6,781445,X,SP,20020501,20311115,200005000,t
36225BTR9,781460,X,SP,20020601,20320615,500005000,t
36225BPJ1,781325,X,SP,20010801,20260115,101007898,t
36225BNF1,781290,X,SP,20010501,20290715,500005000,t
36225BPK8,781326,X,SP,20010801,20220215,50307322,t
36225BUC0,781479,X,SP,20020801,20320815,500005000,t
36225BVY1,781531,M,SP,20021201,20320520,200005000,t
36225BU63,781505,X,SP,20021001,20321015,470005000,t
36225BXV5,781592,X,SP,20030401,20330415,200005000,t
36225BWR5,781556,X,SP,20030101,20321115,1000005004,t
36225BXE3,781577,X,SP,20030301,20330315,250005000,t
36225BWG9,781547,X,SP,20030101,20330115,500005000,t
36225BXF0,781578,X,SP,20030301,20330315,250005000,t
36225BVU9,781527,X,SP,20021101,20321115,1377005000,t
36225BW61,781569,X,SP,20030201,20321015,200005000,t
36225BUL0,781487,X,SP,20020801,20320815,100005000,t
36225BTZ1,781468,X,SP,20020701,20320715,1400005000,t
36225BUJ5,781485,X,SP,20020801,20320815,1005005000,t
36225BU55,781504,X,SP,20021001,20240715,29172558,t
36225BUV8,781496,X,SP,20020901,20320915,1500005000,t
36225BVW5,781529,X,SP,20021201,20260115,15457119,t
36225BVV7,781528,X,SP,20021201,20251215,19587827,t
36225BUM8,781488,X,SP,20020801,20291015,67919000,t
36225BUU0,781495,M,SP,20020901,20320920,500005000,t
36225BUF3,781482,X,SP,20020801,20320815,622144284,t
36225BW53,781568,X,SP,20030201,20321015,250005000,t
36225BX94,781604,X,SP,20030501,20330215,90005000,t
36225BVQ8,781523,X,SP,20021101,20320615,218005000,t
36225BUH9,781484,X,SP,20020801,20320815,500005000,t
36225BUE6,781481,X,SP,20020801,20320115,200005000,t
36225BUA4,781477,X,SP,20020801,20231215,31644834,t
36225BYC6,781607,X,SP,20030501,20330315,500005000,t
36225BUZ9,781500,X,SP,20020901,20320815,100005000,t
36225BWL8,781551,X,SP,20030101,20330115,250005000,t
36225BXH6,781580,X,SP,20030301,20321115,1000005000,t
36225BYA0,781605,X,SP,20030501,20320815,100005000,t
36225BVR6,781524,X,SP,20021101,20320815,30005000,t
36225BV47,781535,X,SP,20021201,20321015,30005000,t
36225BWX2,781562,X,SP,20030201,20330115,250005000,t
36225BVN5,781521,M,SP,20021101,20321120,123568610,t
36225BVM7,781520,X,SP,20021101,20320815,30005000,t
36225BUG1,781483,X,SP,20020801,20320815,1500005000,t
36225BWZ7,781564,X,SP,20030201,20330215,700005000,t
36225BX78,781602,X,SP,20030501,20330115,150005000,t
36225BWW4,781561,X,SP,20030201,20321115,250005000,t
36225BV62,781537,X,SP,20021201,20321115,500005000,t
36225BXX1,781594,X,SP,20030401,20330115,1000005000,t
36225BVH8,781516,X,SP,20021101,20320915,1210005000,t
36225BTW8,781465,X,SP,20020701,20320715,100005000,t
36225BXC7,781575,X,SP,20030301,20330115,100005000,t
36225BXJ2,781581,X,SP,20030301,20330115,250005000,t
36225BTY4,781467,X,SP,20020701,20320315,1000005000,t
36225BVX3,781530,X,SP,20021201,20321215,1100005000,t
36225BXM5,781584,X,SP,20030401,20320515,100005000,t
36225BVD7,781512,X,SP,20021001,20321015,280005000,t
36225BV70,781538,X,SP,20021201,20320915,1000005000,t
36225BWC8,781543,X,SP,20030101,20320815,800005000,t
36225BUB2,781478,X,SP,20020801,20320315,2000005000,t
36225BT24,781469,X,SP,20020701,20320415,1000005000,t
36225BVS4,781525,X,SP,20021101,20321115,500005000,t
36225BUP1,781490,X,SP,20020901,20240815,29674836,t
36225BXG8,781579,X,SP,20030301,20330215,100005000,t
36225BVL9,781519,X,SP,20021101,20320815,30005000,t
36225BTX6,781466,X,SP,20020701,20320715,254519889,t
36225BV21,781533,X,SP,20021201,20321115,1650005000,t
36225BVJ4,781517,X,SP,20021101,20321115,400005000,t
36225BUK2,781486,X,SP,20020801,20320815,250005000,t
36225BVF2,781514,X,SP,20021001,20320815,620005000,t
36225BYE2,781609,M,SP,20030501,20320820,50005000,t
36225BU22,781501,X,SP,20020901,20320915,100005000,t
36225BWK0,781550,X,SP,20030101,20330115,150005000,t
36225BUX4,781498,X,SP,20020901,20320715,225005000,t
36225BZ35,781662,X,SP,20031001,20331015,200005000,t
36225BZ50,781664,X,SP,20031001,20331015,320005000,t
36225BY85,781635,X,SP,20030701,20330315,275005000,t
36225BYX0,781626,X,SP,20030601,20330615,136920000,t
36225B3P1,781706,X,SP,20040201,20331215,11240528,t
36225BZZ4,781660,X,SP,20031001,20330615,100005000,t
36225BYW2,781625,X,SP,20030601,20271215,32450048,t
36225B3M8,781704,X,SP,20040201,20330415,100005000,t
36225BZB7,781638,X,SP,20030801,20260115,107969022,t
36225BZ43,781663,X,SP,20031001,20331015,100005000,t
36225B3E6,781697,X,SP,20040101,20331115,540005000,t
36225BZM3,781648,X,SP,20030901,20330815,400005000,t
36225B2V9,781688,X,SP,20031201,20331215,600005000,t
36225BZP6,781650,X,SP,20030901,20330815,350087150,t
36225B3H9,781700,X,SP,20040201,20320515,22549825,t
36225BY93,781636,X,SP,20030701,20330715,2700005000,t
36225BZ27,781661,X,SP,20031001,20321115,250005000,t
36225BZN1,781649,X,SP,20030901,20330415,100005000,t
36225B5K0,781750,X,SP,20040501,20340315,100005000,t
36225B3D8,781696,X,SP,20040101,20330415,200005000,t
36225B3W6,781713,X,SP,20040301,20331115,100005000,t
36225B3G1,781699,X,SP,20040101,20331215,13389395,t
36225B5U8,781759,X,SP,20040601,20340615,200005000,t
36225B5L8,781751,X,SP,20040501,20340215,100005000,t
36225B2P2,781682,X,SP,20031201,20331215,200005000,t
36225B3L0,781703,X,SP,20040201,20340215,350005000,t
36225B2X5,781690,X,SP,20031201,20331215,1000005000,t
36225B2B3,781670,X,SP,20031101,20331015,100005000,t
36225BZY7,781659,X,SP,20031001,20331015,50005000,t
36225B4G0,781723,X,SP,20040301,20320915,12611089,t
36225B2Y3,781691,X,SP,20031201,20331115,100005000,t
36225BYZ5,781628,X,SP,20030701,20291215,140261066,t
36225B3Q9,781707,X,SP,20040201,20340215,700005000,t
36225B3J5,781701,X,SP,20040201,20331215,100005000,t
36225B4C9,781719,X,SP,20040301,20340215,200005000,t
36225B3A4,781693,X,SP,20040101,20331215,100005000,t
36225B2Q0,781683,X,SP,20031201,20331215,100005000,t
36225B4W5,781737,X,SP,20040401,20340415,730489000,t
36225B4N5,781729,X,SP,20040401,20261215,22724391,t
36225BZS0,781653,X,SP,20031001,20330615,100005000,t
36225B6A1,781765,X,SP,20040701,20340715,100005000,t
36225B3B2,781694,X,SP,20040101,20311215,45005000,t
36225B2G2,781675,X,SP,20031201,20330115,300005000,t
36225B5X2,781762,X,SP,20040701,20340415,11222633,t
36225B5H7,781748,X,SP,20040501,20340215,200005000,t
36225BYY8,781627,X,SP,20030601,20330615,117875000,t
36225BZX9,781658,X,SP,20031001,20331015,225005000,t
36225BZU5,781655,X,SP,20031001,20321115,50005000,t
36225B3V8,781712,X,SP,20040301,20340115,200005000,t
36225B2U1,781687,X,SP,20031201,20331215,460005000,t
36225B4H8,781724,X,SP,20040301,20331215,522891000,t
36225BYR3,781620,X,SP,20030601,20241015,139687042,t
36225BZJ0,781645,X,SP,20030801,20330715,50005000,t
36225B3F3,781698,X,SP,20040101,20340115,500005000,t
36241KBF4,781838,X,SP,20041201,20291215,10581082,t
36241KCT3,781882,X,SP,20050301,20300315,10118587,t
36241KCU0,781883,X,SP,20050301,20300315,10120789,t
36241KCV8,781884,X,SP,20050301,20300415,10125961,t
36241KC63,781893,X,SP,20050401,20331015,54207765,t
36241KC71,781894,X,SP,20050401,20321215,101688263,t
36241KC89,781895,X,SP,20050401,20340715,71972982,t
36241KC97,781896,X,SP,20050401,20321115,55079438,t
36241KDA3,781897,X,SP,20050401,20331015,96823202,t
36241KCK2,781874,X,SP,20050201,20340815,13139000,t
36241KC48,781891,X,SP,20050301,20340315,11706316,t
36241KBK3,781842,X,SP,20041201,20301215,10435961,t
36241KBS6,781849,X,SP,20041201,20341115,100005000,t
36225B7B8,781790,X,SP,20040901,20340815,190005000,t
36241KBJ6,781841,X,SP,20041201,20341115,12207286,t
36241KAN8,781813,X,SP,20041001,20341015,200005000,t
36241KCX4,781886,X,SP,20050301,20350315,75005000,t
36241KBP2,781846,X,SP,20041201,20340915,200005000,t
36225B6J2,781773,X,SP,20040701,20340415,100005000,t
36241KAC2,781803,X,SP,20040901,20340415,12162860,t
36241KBM9,781844,X,SP,20041201,20320315,80838815,t
36241KBU1,781851,X,SP,20041201,20281215,10007411,t
36241KB72,781862,X,SP,20050101,20350115,200005000,t
36225B7D4,781792,X,SP,20040901,20340215,11706198,t
36241KCD8,781868,X,SP,20050101,20341115,200005000,t
36225B6V5,781784,X,SP,20040801,20340815,100005000,t
36241KBV9,781852,X,SP,20041201,20240815,10008592,t
36241KA73,781830,X,SP,20041101,20341115,200005000,t
36241KDE5,781901,X,SP,20050401,20331115,12576830,t
36241KC30,781890,X,SP,20050301,20350315,100005000,t
36241KBA5,781833,X,SP,20041101,20341115,100005000,t
36241KBW7,781853,X,SP,20041201,20280915,25011645,t
36225B6L7,781775,X,SP,20040701,20340515,100005000,t
36241KBC1,781835,X,SP,20041101,20341115,100005000,t
36241KCW6,781885,X,SP,20050301,20350315,110005000,t
36225B7L6,781799,X,SP,20040901,20340915,100005000,t
36225B7G7,781795,X,SP,20040901,20340715,250005000,t
36241KAL2,781811,X,SP,20041001,20341015,1080005000,t
36241KB23,781857,X,SP,20050101,20341115,100005000,t
36225B6Y9,781787,X,SP,20040801,20340815,100005000,t
36225B7K8,781798,X,SP,20040901,20340715,200005000,t
36241KB31,781858,X,SP,20050101,20350115,200005000,t
36225B6N3,781777,X,SP,20040701,20340715,300005000,t
36225B7C6,781791,X,SP,20040901,20340415,13457265,t
36241KBB3,781834,X,SP,20041101,20340915,100005000,t
36225B6G8,781771,X,SP,20040701,20340415,200005000,t
36225B6F0,781770,X,SP,20040701,20340715,100005000,t
36241KAG3,781807,X,SP,20041001,20340915,75005000,t
36241KB56,781860,X,SP,20050101,20341215,200005000,t
36241KBY3,781855,X,SP,20050101,20341115,200005000,t
36241KBH0,781840,X,SP,20041201,20340915,200005000,t
36241KCE6,781869,X,SP,20050101,20341015,100005000,t
36241KCL0,781875,X,SP,20050201,20350115,100005000,t
36241KAM0,781812,X,SP,20041001,20330315,11700000,t
36225B6H6,781772,X,SP,20040701,20340415,200005000,t
36241KAR9,781816,X,SP,20041001,20340815,600005000,t
36241KCJ5,781873,X,SP,20050201,20350215,300005000,t
36225B6K9,781774,X,SP,20040701,20340515,200005000,t
36241KAA6,781801,X,SP,20040901,20340815,100005000,t
36225B7J1,781797,X,SP,20040901,20340815,48005000,t
36225B6X1,781786,X,SP,20040801,20340815,300005000,t
36241KCN6,781877,X,SP,20050201,20350215,500005000,t
36225B6R4,781780,X,SP,20040801,20301215,14551687,t
36225B6Z6,781788,X,SP,20040801,20330815,12039477,t
36241KBZ0,781856,X,SP,20050101,20340815,103330000,t
36241KA32,781826,X,SP,20041101,20341115,117005000,t
36241KCY2,781887,X,SP,20050301,20350315,125005000,t
36241KAE8,781805,X,SP,20041001,20340415,10228941,t
36241KAB4,781802,X,SP,20040901,20331215,103005000,t
36241KCF3,781870,X,SP,20050101,20341215,100005000,t
36241KBL1,781843,X,SP,20041201,20281115,10555512,t
36241KAQ1,781815,X,SP,20041001,20341015,200005000,t
36241KAT5,781818,X,SP,20041001,20330915,10509293,t
36241KEL8,781939,X,SP,20050701,20340715,163716736,f
36241KE87,781959,X,SP,20050701,20350715,200005000,t
36241KFF0,781966,X,SP,20050801,20350815,100005000,t
36241KDW5,781917,M,SP,20050401,20341220,200005000,t
36241KE95,781960,X,SP,20050701,20350215,100005000,t
36241KGL6,782003,X,SP,20051201,20351215,100005000,t
36241KGG7,781999,X,SP,20051101,20351115,128610799,t
36241KD39,781922,X,SP,20050501,20350315,200005000,t
36241KD54,781924,X,SP,20050501,20350515,50005000,t
36241KDP0,781910,X,SP,20050401,20330815,40699475,t
36241KF60,781989,X,SP,20051001,20351015,200005000,f
36241KEV6,781948,X,SP,20050701,20350515,25005000,t
36241KFP8,781974,X,SP,20050801,20350815,120005000,t
36241KDS4,781913,M,SP,20050401,20350320,200005000,t
36241KD96,781928,X,SP,20050601,20350315,30005000,t
36241KF78,781990,X,SP,20051001,20351015,46999995,t
36241KFA1,781961,X,SP,20050701,20350715,152005000,t
36241KG51,782020,X,SP,20051201,20351215,25005000,t
36241KF94,781992,X,SP,20051001,20351015,150005000,f
36241KEY0,781951,X,SP,20050701,20350715,300005000,t
36241KDT2,781914,X,SP,20050401,20350415,109319408,t
36241KFG8,781967,X,SP,20050801,20350815,120005000,t
36241KDV7,781916,X,SP,20050401,20320315,18967062,t
36241KGU6,782011,X,SP,20051201,20351215,100005000,f
36241KGX0,782014,X,SP,20051201,20351215,100005000,t
36241KEA2,781929,X,SP,20050601,20350615,100005000,t
36241KFR4,781976,X,SP,20050801,20350215,132005000,t
36241KEB0,781930,X,SP,20050601,20350615,56005000,t
36241KGE2,781997,X,SP,20051101,20301115,10054540,t
36241KG36,782018,X,SP,20051201,20350615,21675621,t
36241KEN4,781941,X,SP,20050701,20350315,126120163,t
36241KDL9,781907,X,SP,20050401,20330415,10148139,t
36241KGB8,781994,X,SP,20051101,20331115,172867789,t
36241KGQ5,782007,X,SP,20051201,20351215,125005000,t
36241KF52,781988,X,SP,20051001,20351015,500005000,f
36241KGR3,782008,X,SP,20051201,20351215,100005000,t
36241KF37,781986,X,SP,20050901,20350915,200005000,t
36241KFQ6,781975,X,SP,20050801,20350815,60005000,t
36241KEF1,781934,X,SP,20050601,20350615,100005000,t
36241KD62,781925,X,SP,20050601,20301115,11433983,t
36241KD47,781923,X,SP,20050501,20350215,100005000,t
36241KE79,781958,X,SP,20050701,20350715,130005000,t
36241KGC6,781995,X,SP,20051101,20351015,17380317,t
36241KF86,781991,X,SP,20051001,20310915,75276958,t
36241KE61,781957,X,SP,20050701,20350715,50005000,t
36241KER5,781944,X,SP,20050701,20350715,155005000,t
36241KD21,781921,X,SP,20050501,20350515,115005000,t
36241KDU9,781915,X,SP,20050401,20340915,20526620,t
36241KDX3,781918,X,SP,20050401,20350415,100005000,t
36241KDZ8,781920,X,SP,20050501,20350515,500005000,t
36241KED6,781932,X,SP,20050601,20350315,14005000,t
36241KDR6,781912,X,SP,20050401,20341115,42068167,t
36241KGM4,782004,X,SP,20051201,20351215,100005000,t
36241KDJ4,781905,X,SP,20050401,20350415,100005000,t
36241KFM5,781972,X,SP,20050801,20350815,30005000,t
36241KDK1,781906,X,SP,20050401,20350415,300005000,t
36241KFC7,781963,X,SP,20050701,20350615,17518406,t
36241KFK9,781970,X,SP,20050801,20350815,120005000,t
36241KE20,781953,X,SP,20050701,20350715,150005000,t
36241KEX2,781950,X,SP,20050701,20350715,100005000,t
36241KDQ8,781911,X,SP,20050401,20341015,67472174,t
36241KGK8,782002,X,SP,20051101,20351115,10005000,t
36241KGN2,782005,X,SP,20051201,20351215,100005000,t
36241KEZ7,781952,X,SP,20050701,20350715,100005000,t
36241KFT0,781978,X,SP,20050801,20350715,30005000,t
36241KE38,781954,X,SP,20050701,20350715,200005000,t
36241KFH6,781968,X,SP,20050801,20350815,190005000,t
36241KEC8,781931,X,SP,20050601,20350515,200005000,t
36241KDM7,781908,X,SP,20050401,20350415,120005000,t
36241KFV5,781980,X,SP,20050801,20341215,100622619,t
36241KEU8,781947,X,SP,20050701,20350715,175005000,t
36241KFJ2,781969,X,SP,20050801,20350815,220005000,t
36241KFL7,781971,X,SP,20050801,20350315,30005000,t
36241KFY9,781983,X,SP,20050901,20350815,30005000,t
36241KGW2,782013,X,SP,20051201,20351215,25705000,t
36241KET1,781946,X,SP,20050701,20350715,150005000,t
36241KG93,782024,X,SP,20060101,20301215,29360231,t
36241KHA9,782025,X,SP,20060101,20351215,105442954,t
36241KKH0,782096,X,SP,20060601,20360515,10018352,f
36241KHH4,782032,X,SP,20060101,20321015,10065539,t
36241KHE1,782029,X,SP,20060101,20360115,100005000,t
36241KJY5,782079,X,SP,20060301,20360315,50005000,t
36241KLB2,782122,X,SP,20061001,20360715,10005000,t
36241KJ33,782082,X,SP,20060401,20340315,10723470,t
36241KK98,782120,X,SP,20061001,20361015,200005000,t
36241KJU3,782075,X,SP,20060301,20360215,14193510,t
36241KHM3,782036,X,SP,20060101,20360115,100005000,t
36241KJW9,782077,X,SP,20060301,20301215,10309298,t
36241KHN1,782037,X,SP,20060101,20220715,11288441,t
36241KLY2,782143,X,SP,20070401,20370415,100005000,t
36241KK80,782119,X,SP,20061001,20360815,400005000,t
36241KHJ0,782033,X,SP,20060101,20281215,10923356,t
36241KG77,782022,X,SP,20051201,20301215,10184245,t
36241KHY7,782047,X,SP,20060101,20340415,101277312,f
36241KKY3,782111,X,SP,20060901,20360815,500005000,t
36241KH76,782054,X,SP,20060201,20360215,11287437,t
36241KJ58,782084,X,SP,20060501,20340915,11001580,t
36241KHZ4,782048,X,SP,20060201,20341215,365353746,t
36241KJL3,782067,X,SP,20060301,20321115,82825574,t
36241KHV3,782044,X,SP,20060101,20321215,503809934,t
36241KKW7,782109,X,SP,20060801,20331215,108840448,t
36241KHP6,782038,X,SP,20060101,20360115,100005000,t
36241KLM8,782132,X,SP,20061201,20321215,14176270,t
36241KLE6,782125,X,SP,20061201,20330715,14106604,t
36241KH43,782051,X,SP,20060201,20360115,100005000,t
36241KKS6,782105,X,SP,20060701,20360315,156233960,t
36241KJA7,782057,X,SP,20060201,20351215,61042117,t
36241KKJ6,782097,X,SP,20060601,20360615,105005000,t
36241KH50,782052,X,SP,20060201,20340415,135048132,t
36241KLD8,782124,X,SP,20061201,20361215,200005000,t
36241KHF8,782030,X,SP,20060101,20351215,62005000,t
36241KLZ9,782144,X,SP,20070401,20370215,500005000,t
36241KJK5,782066,X,SP,20060301,20311115,12222215,t
36241KLS5,782137,X,SP,20070101,20350415,14457502,t
36241KLU0,782139,X,SP,20070301,20370315,200005000,t
36241KLK2,782130,X,SP,20061201,20360115,295012931,t
36241KL22,782145,X,SP,20070401,20370415,500005000,t
36241KKB3,782090,X,SP,20060501,20360515,102005000,f
36241KKU1,782107,X,SP,20060801,20290415,15591789,t
36241KHK7,782034,X,SP,20060101,20360115,800005000,t
36241KH92,782056,X,SP,20060201,20340315,56877856,t
36241KHL5,782035,X,SP,20060101,20351215,250005000,t
36241KKA5,782089,X,SP,20060501,20351115,59219926,t
36241KG69,782021,X,SP,20051201,20340915,15906557,t
36241KJS8,782073,X,SP,20060301,20320315,87424011,t
36241KJJ8,782065,X,SP,20060301,20360115,14315000,t
36241KJF6,782062,X,SP,20060301,20350915,31061059,t
36241KJH2,782064,X,SP,20060301,20351115,10052474,t
36241KKE7,782093,X,SP,20060501,20351015,18238000,t
36241KLF3,782126,X,SP,20061201,20361115,200005000,t
36241KLW6,782141,M,SP,20070301,20321220,10486386,t
36241KHB7,782026,X,SP,20060101,20271215,22844902,t
36241KJM1,782068,X,SP,20060301,20360315,283005000,f
36241KHC5,782027,X,SP,20060101,20350315,10005000,t
36241KHW1,782045,X,SP,20060101,20240815,117351690,t
36241KKD9,782092,X,SP,20060501,20360415,400005000,f
36241KLA4,782121,X,SP,20061001,20361015,400005000,t
36241KKZ0,782112,X,SP,20060901,20351015,10181738,t
36241KG85,782023,X,SP,20051201,20281215,10326994,t
36241KLQ9,782135,X,SP,20070101,20370115,200005000,t
36241KH84,782055,X,SP,20060201,20360215,502066524,t
36241KKR8,782104,X,SP,20060701,20341215,16231122,t
36241KLV8,782140,X,SP,20070301,20370115,100005000,t
36241KH68,782053,X,SP,20060201,20360215,100005000,f
36241KK31,782114,X,SP,20060901,20360915,565273295,f
36241KLJ5,782129,X,SP,20061201,20340715,76867199,t
36241KPL6,782227,X,SP,20071201,20341015,13263709,t
36241KM70,782182,X,SP,20070901,20370815,200005000,t
36241KP44,782243,X,SP,20071201,20371215,100005000,t
36241KPG7,782223,X,SP,20071101,20371115,40005000,t
36241KQD3,782252,X,SP,20080101,20380115,400005000,t
36241KM62,782181,X,SP,20070801,20360915,15556303,t
36241KP85,782247,X,SP,20071201,20371215,60005000,t
36241KMN5,782165,X,SP,20070601,20370615,100005000,t
36241KQF8,782254,X,SP,20080101,20380115,506734893,t
36241KQA9,782249,X,SP,20080101,20341215,71535361,t
36241KL48,782147,X,SP,20070401,20370315,100005000,t
36241KMG0,782159,X,SP,20070501,20370515,100005000,t
36241KMF2,782158,X,SP,20070501,20350415,10490142,t
36241KN87,782215,X,SP,20071101,20371115,100005000,t
36241KP51,782244,X,SP,20071201,20371215,100005000,t
36241KM96,782184,X,SP,20070901,20370915,100005000,t
36241KNN4,782197,X,SP,20071001,20371015,500005000,t
36241KMQ8,782167,X,SP,20070601,20370615,200005000,t
36241KPF9,782222,X,SP,20071101,20371115,550005000,t
36241KP93,782248,X,SP,20080101,20341015,121898078,t
36241KN79,782214,X,SP,20071101,20320715,11978681,t
36241KMA3,782153,X,SP,20070501,20341015,46414759,t
36241KN38,782210,X,SP,20071001,20371015,70005000,t
36241KNX2,782206,X,SP,20071001,20371015,100005000,t
36241KNF1,782190,X,SP,20071001,20371015,200005000,t
36241KPM4,782228,X,SP,20071201,20340815,33751934,t
36241KMB1,782154,X,SP,20070501,20370515,250005000,t
36241KQM3,782260,X,SP,20080201,20380215,100005000,t
36241KNB0,782186,X,SP,20070901,20370915,205005000,t
36241KQG6,782255,X,SP,20080101,20380115,90005000,t
36241KMP0,782166,X,SP,20070601,20370615,100005000,t
36241KNV6,782204,X,SP,20071001,20371015,100005000,t
36241KQK7,782258,X,SP,20080201,20360515,13027987,t
36241KQB7,782250,X,SP,20080101,20371215,100005000,t
36241KMZ8,782176,X,SP,20070701,20320115,36004031,t
36241KMM7,782164,X,SP,20070601,20370615,125005000,t
36241KQC5,782251,X,SP,20080101,20380115,425005000,t
36241KL89,782151,X,SP,20070401,20330715,10367435,f
36241KP69,782245,X,SP,20071201,20371215,30005000,t
36241KP36,782242,X,SP,20071201,20371215,100005000,t
36241KNR5,782200,X,SP,20071001,20371015,207005000,t
36241KPN2,782229,X,SP,20071201,20350615,10922727,t
36241KPJ1,782225,X,SP,20071101,20371115,40005000,t
36241KPP7,782230,X,SP,20071201,20340915,19438190,t
36241KPK8,782226,X,SP,20071101,20350415,54504535,t
36241KNG9,782191,X,SP,20071001,20370915,100005000,t
36241KNM6,782196,X,SP,20071001,20371015,100005000,t
36241KN46,782211,X,SP,20071001,20371015,20005000,t
36241KL55,782148,X,SP,20070401,20370415,225005000,t
36241KPD4,782220,X,SP,20071101,20371115,100005000,t
36241KQE1,782253,X,SP,20080101,20380115,1100005000,t
36241KNT1,782202,X,SP,20071001,20371015,80005000,t
36241KL71,782150,X,SP,20070401,20370415,1510005000,t
36241KNY0,782207,X,SP,20071001,20370915,20005000,t
36241KL97,782152,X,SP,20070501,20370415,95282259,t
36241KP28,782241,M,SP,20071201,20371220,580005000,t
36241KN61,782213,X,SP,20071101,20361215,178021944,f
36241KQL5,782259,X,SP,20080201,20360215,50055869,t
36241KL30,782146,X,SP,20070401,20370415,609059842,t
36241KME5,782157,X,SP,20070501,20370515,100005000,t
36241KMV7,782172,X,SP,20070701,20260715,17711292,t
36241KPA0,782217,X,SP,20071101,20371015,100005000,t
36241KPZ5,782240,X,SP,20071201,20371215,300005000,t
36241KN53,782212,X,SP,20071001,20371015,100417160,t
36241KM88,782183,X,SP,20070901,20370815,200005000,t
36241KQU5,782267,X,SP,20080201,20380215,85005000,t
36241KTM0,782356,X,SP,20080701,20380615,286627323,t
36241KRS9,782297,M,SP,20080301,20371220,50005000,t
36241KS74,782342,X,SP,20080601,20380615,100005000,t
36241KR67,782309,X,SP,20080401,20380415,530005000,t
36241KTB4,782346,X,SP,20080601,20380615,505005000,t
36241KRE0,782285,X,SP,20080301,20380115,60005000,t
36241KRJ9,782289,X,SP,20080301,20301215,26956499,t
36241KSK5,782322,X,SP,20080501,20380515,535265000,t
36241KTP3,782358,X,SP,20080701,20380615,292951024,t
36241KSZ2,782336,X,SP,20080601,20380515,522480571,t
36241KTQ1,782359,X,SP,20080701,20380615,24970175,t
36241KQN1,782261,X,SP,20080201,20380215,280005000,t
36241KRU4,782299,X,SP,20080301,20380315,555005000,t
36241KSV1,782332,X,SP,20080601,20380515,300005000,t
36241KSG4,782319,X,SP,20080501,20380515,520005000,t
36241KSS8,782329,X,SP,20080501,20340915,11079001,t
36241KT40,782371,X,SP,20080801,20380815,500005000,t
36241KSW9,782333,X,SP,20080601,20380615,501635901,t
36241KSD1,782316,X,SP,20080401,20380415,500005000,t
36241KRN0,782293,X,SP,20080301,20380315,77972677,t
36241KSP4,782326,X,SP,20080501,20380515,500005000,t
36241KRC4,782283,X,SP,20080301,20380315,541005000,t
36241KQQ4,782263,X,SP,20080201,20380215,50005000,f
36241KTC2,782347,X,SP,20080601,20380615,528005000,t
36241KTW8,782365,X,SP,20080701,20380715,500005000,t
36241KQ68,782277,X,SP,20080201,20380215,100005000,t
36241KSF6,782318,X,SP,20080501,20380515,910005000,t
36241KR75,782310,X,SP,20080401,20380415,839005000,t
36241KS82,782343,X,SP,20080601,20380615,100005000,t
36241KQW1,782269,X,SP,20080201,20380215,100005000,t
36241KR83,782311,X,SP,20080401,20380415,100005000,t
36241KTA6,782345,X,SP,20080601,20380615,180005000,t
36241KSA7,782313,X,SP,20080401,20380415,100005000,t
36241KQ76,782278,X,SP,20080201,20380215,100005000,t
36241KRG5,782287,X,SP,20080301,20380315,210005000,t
36241KSH2,782320,X,SP,20080501,20380415,200005000,t
36241KTY4,782367,X,SP,20080701,20380715,350005000,t
36241KRV2,782300,X,SP,20080301,20360515,179865168,t
36241KTU2,782363,X,SP,20080701,20380715,350005000,t
36241KRH3,782288,X,SP,20080301,20371215,550005000,t
36241KS58,782340,X,SP,20080601,20380615,200005000,t
36241KQP6,782262,X,SP,20080201,20380215,130005000,t
36241KQ50,782276,X,SP,20080201,20380215,100005000,t
36241KTS7,782361,X,SP,20080701,20380715,800005000,t
36241KQ27,782273,X,SP,20080201,20380215,200005000,t
36241KQV3,782268,X,SP,20080201,20380215,100005000,t
36241KTF5,782350,X,SP,20080601,20380615,200005000,t
36241KT57,782372,X,SP,20080801,20380715,500005000,t
36241KQX9,782270,X,SP,20080201,20380215,100005000,t
36241KUH9,782384,X,SP,20080801,20341115,50005000,t
36241KUX4,782398,X,SP,20080901,20380715,90005000,t
36241KVK1,782418,X,SP,20081001,20380615,100005000,t
36241KW87,782471,X,SP,20081101,20380915,100005000,t
36241KXC7,782475,X,SP,20081201,20381115,1709440503,t
36241KXJ2,782481,X,SP,20081201,20341215,12249971,t
36241KXN3,782485,X,SP,20081201,20381215,100005000,t
36241KW46,782467,X,SP,20081101,20381115,500005000,t
36241KXA1,782473,X,SP,20081201,20381215,540005000,t
36241KWW4,782461,X,SP,20081101,20320315,13686485,t
36241KXH6,782480,M,SP,20081201,20381220,100005000,t
36241KV62,782437,X,SP,20081001,20381015,65465000,t
36241KV47,782435,X,SP,20081001,20380915,54480673,t
36241KW95,782472,X,SP,20081101,20381115,100005000,t
36241KV21,782433,M,SP,20081001,20381020,1268005000,t
36241KV88,782439,X,SP,20081001,20381015,61830000,t
36241KV96,782440,X,SP,20081001,20381015,67155000,t
36241KVB1,782410,X,SP,20080901,20380915,25005000,t
36241KVT2,782426,X,SP,20081001,20381015,200005000,t
36241KUT3,782394,X,SP,20080901,20360615,218622668,t
36241KVJ4,782417,X,SP,20081001,20381015,100005000,t
36241KWT1,782458,X,SP,20081101,20381115,140005000,t
36241KWC8,782443,X,SP,20081001,20381015,105005000,t
36241KWR5,782456,X,SP,20081101,20381115,500005000,f
36241KUY2,782399,X,SP,20080901,20380915,500005000,t
36241KWQ7,782455,X,SP,20081101,20381115,600005000,t
36241KXF0,782478,X,SP,20081201,20381115,201911163,t
36241KVS4,782425,X,SP,20081001,20381015,200005000,t
36241KVR6,782424,X,SP,20081001,20381015,1590005000,t
36241KWG9,782447,X,SP,20081001,20381015,100005000,t
36241KUZ9,782400,X,SP,20080901,20350915,75005000,t
36241KVC9,782411,X,SP,20081001,20360615,431084214,t
36241KXM5,782484,X,SP,20081201,20381215,750005000,t
36241KU63,782405,X,SP,20080901,20380915,100005000,t
36241KVV7,782428,X,SP,20081001,20381015,77905000,t
36241KUW6,782397,X,SP,20080901,20380915,100005000,t
36241KW53,782468,X,SP,20081101,20381115,100005000,t
36241KV70,782438,X,SP,20081001,20381015,75355000,t
36241KVG0,782415,X,SP,20081001,20381015,161510000,t
36241KXD5,782476,X,SP,20081201,20381215,100005000,t
36241KWB0,782442,X,SP,20081001,20381015,81005000,t
36241KUG1,782383,X,SP,20080801,20370415,230005000,t
36241KWK0,782450,X,SP,20081101,20381115,600005000,t
36241KVW5,782429,X,SP,20081001,20381015,125005000,t
36241KWS3,782457,X,SP,20081101,20381115,600005000,t
36241KT99,782376,X,SP,20080801,20380815,55005000,t
36241KWH7,782448,X,SP,20081001,20381015,500005000,t
36241KXE3,782477,X,SP,20081201,20381115,300005000,t
36241KU22,782401,X,SP,20080901,20380915,500005000,t
36241KT73,782374,X,SP,20080801,20380715,708077860,t
36241KUK2,782386,X,SP,20080901,20380815,250005000,t
36241KW20,782465,X,SP,20081101,20381115,500005000,t
36241KWV6,782460,X,SP,20081101,20331115,15616828,t
36241KUN6,782389,X,SP,20080901,20310815,18819991,t
36241KVQ8,782423,X,SP,20081001,20381015,1325005000,t
36241KWJ3,782449,X,SP,20081001,20380915,1000005000,t
36241KUL0,782387,X,SP,20080901,20380815,250005000,t
36241KW61,782469,X,SP,20081101,20381115,810504923,t
36241KWF1,782446,X,SP,20081001,20330815,25193683,t
36241KWX2,782462,X,SP,20081101,20381115,800005000,t
36241KXB9,782474,X,SP,20081201,20381215,1750005000,t
36241KUQ9,782391,X,SP,20080901,20380915,100005000,t
36241KWD6,782444,X,SP,20081001,20381015,119301345,t
36241KUM8,782388,X,SP,20080901,20380815,250005000,t
36241KU89,782407,X,SP,20080901,20380915,300005000,t
36241KYR3,782520,X,SP,20081201,20381215,500005000,t
36241KZC5,782539,X,SP,20090101,20381115,250005000,t
36241KZ84,782567,X,JP,20090201,20240215,34236773,f
36241K2N7,782581,X,SP,20090201,20381015,300048197,t
36241KY51,782532,X,SP,20090101,20381215,100005000,t
36241KXY9,782495,X,SP,20081201,20381215,2700005000,t
36241KXZ6,782496,X,SP,20081201,20381115,500005000,t
36241KYE2,782509,X,SP,20081201,20381215,600005000,t
36241KZL5,782547,X,SP,20090101,20350215,15585618,t
36241KZF8,782542,X,SP,20090101,20390115,80005000,t
36241K2K3,782578,X,SP,20090201,20390215,500005000,f
36241KY93,782536,X,SP,20090101,20390115,100005000,t
36241KXQ6,782487,X,SP,20081201,20381215,700005000,t
36241KXV5,782492,X,SP,20081201,20381215,100005000,t
36241KZP6,782550,M,SP,20090201,20390220,335005000,t
36241K2B3,782570,X,SP,20090201,20390215,500005000,t
36241KZ92,782568,X,SP,20090201,20390215,100005000,t
36241KY44,782531,X,SP,20090101,20390115,100005000,t
36241KZW1,782557,X,SP,20090201,20390115,500005000,t
36241KYV4,782524,X,SP,20081201,20381215,206005000,t
36241KZ50,782564,X,SP,20090201,20390215,520005000,t
36241K2Q0,782583,M,SP,20090201,20390220,100005000,t
36241KYC6,782507,X,SP,20081201,20241015,20015414,f
36241KYD4,782508,X,SP,20081201,20381215,500005000,t
36241KYJ1,782513,X,SP,20081201,20381215,500005000,t
36241KZB7,782538,X,SP,20090101,20390115,40005000,t
36241KYP7,782518,X,SP,20081201,20381215,300005000,t
36241K2L1,782579,X,SP,20090201,20390215,100005000,t
36241KYQ5,782519,X,SP,20081201,20381015,100005000,t
36241KZK7,782546,X,SP,20090101,20340815,11523470,t
36241K2S6,782585,X,SP,20090301,20381215,100158689,t
36241KZR2,782552,X,SP,20090201,20390215,285005000,t
36241KYF9,782510,X,SP,20081201,20381215,200005000,t
36241KZY7,782559,X,SP,20090201,20390115,200005000,t
36241KY85,782535,X,SP,20090101,20390115,80005000,t
36241KXW3,782493,X,SP,20081201,20381215,300005000,t
36241KZ68,782565,X,SP,20090201,20390215,600005000,t
36241KXS2,782489,X,SP,20081201,20381115,200005000,t
36241KZJ0,782545,X,SP,20090101,20260215,13679758,f
36241K2U1,782587,X,SP,20090301,20390215,81005000,t
36241K2A5,782569,X,SP,20090201,20390215,200005000,t
36241KZQ4,782551,X,SP,20090201,20390215,250005000,t
36241KXT0,782490,X,SP,20081201,20381215,100005000,t
36241KZZ4,782560,X,SP,20090201,20390215,265005000,t
36241KX78,782502,X,SP,20081201,20381215,70005000,t
36241KYW2,782525,X,SP,20081201,20350415,14005000,t
36241KYS1,782521,X,SP,20081201,20381215,100005000,t
36241K2J6,782577,X,SP,20090201,20390215,520005000,t
36241KZH4,782544,X,SP,20090101,20310715,13198977,t
36241KYY8,782527,M,SP,20081201,20381220,70918638,t
36241K2C1,782571,X,SP,20090201,20390215,680005000,t
36241KXU7,782491,X,SP,20081201,20381215,330005000,t
36241KX37,782498,X,SP,20081201,20381215,500005000,t
36241KXR4,782488,X,SP,20081201,20381115,500005000,t
36241K2E7,782573,X,SP,20090201,20381215,258005000,t
36241KY28,782529,X,SP,20090101,20350515,106726488,t
36241KYZ5,782528,X,SP,20090101,20390115,862005000,t
36241KZ27,782561,X,SP,20090201,20381015,97005000,t
36241KX94,782504,X,SP,20081201,20381215,400005000,t
36241KX86,782503,X,SP,20081201,20381215,100005000,t
36241KX60,782501,X,SP,20081201,20381215,300005000,t
36241KYA0,782505,X,SP,20081201,20381215,100005000,t
36241K3C0,782595,X,JP,20090301,20240315,41451797,f
36241K5Z7,782664,X,SP,20090501,20390515,500005000,t
36241K7M4,782700,X,JP,20090701,20240715,25623203,f
36241LAA4,782701,X,SP,20090701,20381015,50005000,t
36241K4Z8,782640,X,SP,20090401,20390415,100005000,t
36241K5F1,782646,X,SP,20090501,20390415,100005000,t
36241LAB2,782702,X,SP,20090701,20330515,10331132,t
36241K6R4,782680,X,SP,20090601,20390615,500005000,f
36241K3Z9,782616,X,SP,20090401,20290915,23105658,t
36241K6W3,782685,X,SP,20090601,20390615,300005000,t
36241K7B8,782690,X,SP,20090601,20390615,950005000,f
36241K6X1,782686,X,SP,20090601,20390615,360005000,t
36241K5D6,782644,X,SP,20090501,20390415,560005000,t
36241K3U0,782611,M,SP,20090301,20390220,263452733,t
36241K6H6,782672,X,SP,20090601,20390615,200005000,f
36241K5M6,782652,X,SP,20090501,20390515,200005000,t
36241K5A2,782641,X,SP,20090401,20381215,40415982,t
36241K4S4,782633,X,SP,20090401,20390415,510005000,t
36241K5X2,782662,X,SP,20090501,20390515,500005000,t
36241K4D7,782620,X,SP,20090401,20390415,200005000,t
36241K3E6,782597,X,SP,20090301,20390315,500005000,t
36241K7D4,782692,M,SP,20090601,20390620,50005000,t
36241K5U8,782659,X,SP,20090501,20390515,155005000,t
36241K5W4,782661,X,SP,20090501,20390515,250005000,t
36241K3Y2,782615,X,SP,20090401,20350615,81792909,f
36241K4A3,782617,X,SP,20090401,20340915,37383994,t
36241K7L6,782699,X,SP,20090701,20390315,60005000,t
36241K3S5,782609,X,SP,20090301,20390315,100005000,t
36241K5T1,782658,M,SP,20090501,20390120,100005000,t
36241K4X3,782638,X,SP,20090401,20390415,50005000,t
36241K5E4,782645,X,SP,20090501,20390415,100005000,t
36241LAD8,782704,X,SP,20090701,20390715,350005000,t
36241K4T2,782634,X,SP,20090401,20390415,280005000,t
36241K4Y1,782639,X,SP,20090401,20381215,550005000,t
36241K5V6,782660,X,SP,20090501,20390515,160005000,t
36241K3Q9,782607,X,SP,20090301,20390315,277644587,t
36241K6Y9,782687,X,SP,20090601,20390515,100005000,t
36241K5J3,782649,X,SP,20090501,20390515,160005000,t
36241K3J5,782601,X,SP,20090301,20390315,200005000,t
36241K5Q7,782655,X,SP,20090501,20390515,500005000,t
36241K6A1,782665,X,SP,20090501,20390515,750005000,t
36241LAC0,782703,X,SP,20090701,20331115,24395697,t
36241K4H8,782624,X,SP,20090401,20390415,600005000,t
36241K3D8,782596,X,SP,20090301,20390315,860005000,t
36241K5P9,782654,X,SP,20090501,20390515,500005000,t
36241K3F3,782598,M,SP,20090301,20390320,100005000,t
36241LA97,782732,X,SP,20090801,20390815,200005000,t
36241LBY1,782755,X,SP,20090901,20390915,500005000,f
36241LB88,782763,X,SP,20090901,20390915,510005000,t
36241LB96,782764,X,SP,20090901,20361015,10283220,t
36241LCM6,782776,X,SP,20091001,20380915,114094270,t
36241LCZ7,782788,X,JP,20091001,20241015,10898005,f
36241LC79,782794,X,JP,20091001,20231015,10134160,f
36241LC87,782795,X,SP,20091001,20390915,500005000,t
36241LDE3,782801,X,JP,20091101,20241115,65005000,f
36241LD29,782821,X,SP,20091201,20391115,10593593,t
36241LCB0,782766,X,SP,20090901,20390915,500005000,f
36241LC53,782792,X,SP,20091001,20390515,300005000,t
36241LDN3,782809,X,SP,20091101,20391015,500005000,f
36241LDB9,782798,X,SP,20091101,20391115,600005000,t
36241LAU0,782719,X,SP,20090701,20390715,400379103,f
36241LAG1,782707,X,SP,20090701,20390715,700005000,t
36241LAF3,782706,X,SP,20090701,20390715,120005000,f
36241LA89,782731,X,SP,20090801,20390815,540005000,f
36241LDV5,782816,X,SP,20091201,20320115,40449370,t
36241LAQ9,782715,X,SP,20090701,20390715,300005000,f
36241LB47,782759,X,SP,20090901,20390915,570005000,f
36241LC20,782789,X,SP,20091001,20391015,545005000,t
36241LA30,782726,X,SP,20090801,20390815,100005000,t
36241LDZ6,782820,X,SP,20091201,20280215,30477873,t
36241LAH9,782708,X,SP,20090701,20390715,79999400,f
36241LA22,782725,X,SP,20090801,20390815,100005000,t
36241LBH8,782740,X,SP,20090801,20390715,300005000,t
36241LCL8,782775,X,SP,20091001,20391015,300005000,f
36241LB70,782762,X,SP,20090901,20390815,280005000,f
36241LDF0,782802,X,SP,20091101,20320315,15364291,t
36241LCY0,782787,X,SP,20091001,20391015,520005000,t
36241LAR7,782716,X,SP,20090701,20390715,500005000,t
36241LBR6,782748,X,SP,20090901,20350715,56520679,t
36241LD37,782822,X,SP,20091201,20391115,93005000,t
36241LAK2,782710,X,SP,20090701,20390715,500005000,f
36241LBW5,782753,X,SP,20090901,20390915,500005000,t
36241LCD6,782768,X,SP,20090901,20390715,300174654,f
36241LBX3,782754,X,SP,20090901,20390915,500005000,t
36241LCK0,782774,X,SP,20091001,20390915,150005000,t
36241LDA1,782797,X,SP,20091001,20390815,117005000,t
36241LBN5,782745,X,SP,20090801,20381115,500005000,f
36241LBL9,782743,X,SP,20090801,20390615,300005000,f
36241LB62,782761,X,SP,20090901,20390815,500005000,t
36241LCP9,782778,X,SP,20091001,20330115,15258327,t
36241LBF2,782738,X,SP,20090801,20390815,500005000,t
36241LBJ4,782741,X,SP,20090801,20390815,800005000,t
36241LBG0,782739,X,SP,20090801,20381115,200005000,t
36241LAL0,782711,X,SP,20090701,20390215,285005000,t
36241LB21,782757,X,SP,20090901,20390915,600005000,t
36241LA63,782729,X,SP,20090801,20390615,100005000,t
36241LDM5,782808,X,SP,20091101,20391115,725005000,f
36241LBB1,782734,X,SP,20090801,20390815,292005000,f
36241LAY2,782723,X,SP,20090801,20390815,100005000,f
36241LAE6,782705,X,SP,20090701,20390715,160005000,t
36241LAN6,782713,X,SP,20090701,20390715,515005000,t
36241LBS4,782749,X,SP,20090901,20390915,500005000,t
36241LDG8,782803,X,SP,20091101,20391115,100005000,t
36241LBC9,782735,X,SP,20090801,20390715,300005000,t
36241LAV8,782720,X,SP,20090701,20390115,66246894,t
36241LBP0,782746,X,SP,20090801,20381115,300005000,t
36241LCR5,782780,X,SP,20091001,20390915,640005000,t
36241LB54,782760,X,SP,20090901,20390115,170005000,f
36241LBM7,782744,X,SP,20090801,20381215,150005000,f
36241LAS5,782717,X,SP,20090701,20390215,102518069,f
36241LBK1,782742,X,SP,20090801,20390215,82005000,f
36241LED4,782832,X,SP,20091201,20391215,500005000,f
36241LE51,782856,X,SP,20100101,20251215,76586314,t
36241LE93,782860,X,SP,20100101,20341215,48101829,t
36241LFA9,782861,X,SP,20100101,20321215,92088411,t
36241LFC5,782863,X,SP,20100101,20331215,53192093,t
36241LFW1,782881,X,SP,20100201,20391115,100005000,t
36241LFY7,782883,X,SP,20100201,20400215,500005000,f
36241LF27,782885,X,SP,20100201,20391215,500005000,f
36241LGR1,782908,X,JP,20100301,20250315,199827046,f
36241LG75,782922,X,JP,20100401,20240315,18124263,f
36241LHD1,782928,X,SP,20100401,20400415,10340625,t
36241LHJ8,782933,X,JP,20100401,20231015,20747361,f
36241LHN9,782937,X,SP,20100401,20400415,100005000,f
36241LHP4,782938,X,SP,20100401,20400315,100005000,f
36241LH58,782952,X,SP,20100501,20400115,100005000,f
36241LH74,782954,X,SP,20100501,20400515,130005000,t
36241LGD2,782896,X,SP,20100301,20390915,487016429,f
36241LGW0,782913,M,SP,20100301,20391120,139968277,t
36241LHE9,782929,X,SP,20100401,20391215,100005000,t
36241LF76,782890,X,SP,20100201,20400215,500005000,f
36241LD78,782826,X,SP,20091201,20391115,725005000,f
36241LEE2,782833,X,SP,20091201,20391215,500005000,f
36241LJA5,782957,X,SP,20100501,20400515,100005000,t
36241LEG7,782835,X,SP,20091201,20391215,500005000,f
36241LHK5,782934,X,SP,20100401,20400215,100005000,t
36241LEC6,782831,X,SP,20091201,20391215,500005000,f
36241LE77,782858,X,SP,20100101,20391115,1475875460,f
36241LEJ1,782837,X,SP,20091201,20391215,500005000,f
36241LG83,782923,X,SP,20100401,20400415,100005000,t
36241LE44,782855,X,SP,20100101,20321215,101579977,t
36241LGN0,782905,X,SP,20100301,20400315,225005000,t
36241LGT7,782910,X,SP,20100301,20400315,200005000,t
36241LGC4,782895,X,SP,20100201,20330815,15032007,t
36241LHY5,782947,X,SP,20100501,20400515,200005000,f
36241LH90,782956,X,SP,20100501,20400515,500005000,t
36241LHH2,782932,X,SP,20100401,20400415,370005000,t
36241LG67,782921,X,SP,20100401,20400315,50005000,f
36241LH25,782949,X,SP,20100501,20400515,500005000,t
36241LD52,782824,X,SP,20091201,20360515,13074516,t
36241LFF8,782866,C,SP,20100201,20321220,63139875,t
36241LHR0,782940,X,SP,20100401,20400415,152654923,t
36241LHT6,782942,X,SP,20100401,20400115,53671509,t
36241LG59,782920,X,SP,20100401,20400315,100005000,t
36241LHL3,782935,X,SP,20100401,20400415,165005000,t
36241LHM1,782936,X,SP,20100401,20400415,100005000,t
36241LF35,782886,X,SP,20100201,20400215,500005000,f
36241LFV3,782880,X,SP,20100201,20391215,214005000,f
36241LEU6,782847,X,SP,20100101,20300115,30312858,t
36241LFB7,782862,X,SP,20100101,20341215,85185929,t
36241LHQ2,782939,X,SP,20100401,20360915,25816850,f
36241LEB8,782830,X,SP,20091201,20390915,160005000,t
36241LE85,782859,X,SP,20100101,20361215,123527219,t
36241LGX8,782914,X,SP,20100301,20400315,58005000,t
36241LFM3,782872,X,SP,20100201,20400215,200005000,f
36241LE36,782854,X,SP,20100101,20301115,68870202,t
36241LFX9,782882,X,SP,20100201,20400115,200005000,t
36241LEA0,782829,X,SP,20091201,20391215,410005000,t
36241LGG5,782899,X,SP,20100301,20400215,78767592,t
36241LHU3,782943,X,SP,20100401,20400415,55474634,t
36241LJN7,782969,X,SP,20100501,20360915,59225618,t
36241LJS6,782973,X,SP,20100601,20351115,69036180,t
36241LJW7,782977,X,JP,20100601,20250615,375005000,f
36241LJ80,782987,X,SP,20100601,20391215,120005000,t
36241LKL9,782999,X,SP,20100601,20391215,100005000,t
36241LKQ8,783003,X,SP,20100601,20351115,47237716,t
36241LL53,783048,X,SP,20100801,20250415,10360454,f
36241LMC7,783055,X,SP,20100801,20381015,11241032,t
36241LML7,783063,X,SP,20100801,20320715,10244615,f
36241LMP8,783066,X,SP,20100801,20391115,940005000,t
36241LMV5,783072,X,SP,20100801,20400415,10103707,f
36241LKJ4,782997,X,SP,20100601,20400615,20005000,t
36241LMZ6,783076,X,SP,20100801,20390915,355005000,f
36241LLM6,783032,X,SP,20100701,20400715,100005000,t
36241LMR4,783068,X,SP,20100801,20400815,100005000,t
36241LKC9,782991,X,SP,20100601,20380715,50433986,t
36241LLW4,783041,X,SP,20100801,20330315,10178195,t
36241LJD9,782960,X,SP,20100501,20391215,100005000,f
36241LMM5,783064,M,SP,20100801,20400620,200005000,t
36241LLE4,783025,X,SP,20100701,20400715,100005000,t
36241LLJ3,783029,X,SP,20100701,20400715,100005000,f
36241LJL1,782967,X,SP,20100501,20391215,210005000,t
36241LLD6,783024,X,SP,20100701,20400715,100005000,t
36241LMU7,783071,X,SP,20100801,20400415,370005000,f
36241LLH7,783028,M,SP,20100701,20400620,300005000,t
36241LMD5,783056,X,SP,20100801,20400815,500005000,t
36241LJF4,782962,X,SP,20100501,20400515,100005000,t
36241LMX1,783074,X,SP,20100801,20400215,610005000,f
36241LLQ7,783035,X,SP,20100701,20400615,500005000,t
36241LKD7,782992,X,SP,20100601,20400615,78830000,t
36241LLA2,783021,X,SP,20100701,20400615,150005000,t
36241LLT1,783038,M,SP,20100701,20400720,790005000,t
36241LLF1,783026,X,SP,20100701,20400715,150005000,f
36241LJC1,782959,X,SP,20100501,20400515,100005000,f
36241LK62,783017,X,SP,20100701,20340715,11426335,t
36241LLG9,783027,X,SP,20100701,20400715,100005000,f
36241LJX5,782978,X,SP,20100601,20400415,68005000,f
36241LK21,783013,X,SP,20100701,20391115,107889608,f
36241LJ98,782988,X,SP,20100601,20400415,520005000,f
36241LMK9,783062,X,SP,20100801,20341215,10056825,t
36241LJR8,782972,X,SP,20100601,20400215,200005000,f
36241LMY9,783075,X,SP,20100801,20400315,590005000,f
36241LK88,783019,M,SP,20100701,20390720,52994958,t
36241LJ49,782983,X,SP,20100601,20400415,500005000,f
36241LLN4,783033,X,SP,20100701,20400715,150005000,t
36241LMJ2,783061,X,SP,20100801,20350715,10731091,t
36241LME3,783057,M,SP,20100801,20400720,500005000,t
36241LMT0,783070,X,SP,20100801,20400815,400005000,t
36241LM29,783077,X,SP,20100801,20400815,200005000,f
36241LJG2,782963,X,SP,20100501,20400515,100005000,t
36241LLR5,783036,X,SP,20100701,20400215,200005000,f
36241LJJ6,782965,X,SP,20100501,20391115,100005000,f
36241LKM7,783000,X,SP,20100601,20400115,133943508,f
36241LKK1,782998,X,SP,20100601,20400615,150005000,t
36241LMW3,783073,X,SP,20100801,20400215,520005000,f
36241LMN3,783065,X,SP,20100801,20400815,90005000,t
36241LKH8,782996,X,SP,20100601,20400615,100005000,t
36241LKA3,782989,X,SP,20100601,20400615,300005000,t
36241LLL8,783031,X,SP,20100701,20400715,180005000,f
36241LLS3,783037,M,SP,20100701,20400720,50005000,t
36241LK96,783020,M,SP,20100701,20400720,200005000,t
36241LJH0,782964,X,SP,20100501,20400115,200005000,f
36241LLV6,783040,X,SP,20100701,20400715,150005000,f
36241LK39,783014,X,SP,20100701,20400315,50005000,t
36241LKF2,782994,X,SP,20100601,20400415,100005000,f
36241LKR6,783004,X,SP,20100701,20330515,10361047,t
36241LNR3,783100,X,JP,20100901,20250915,105782487,f
36241LQ25,783173,X,SP,20101101,20391215,500005000,t
36241LRD0,783184,X,SP,20101201,20400515,862005000,f
36241LRH1,783188,X,SP,20101201,20400315,10168174,t
36241LSB3,783214,X,JP,20110101,20251115,72250778,f
36241LP34,783142,X,SP,20101001,20400515,360005000,t
36241LNH5,783092,X,SP,20100901,20380415,11444972,t
36241LNY8,783107,X,SP,20100901,20400915,90005000,t
36241LPY6,783139,X,SP,20101001,20401015,300005000,t
36241LPB6,783118,X,SP,20101001,20401015,300005000,t
36241LN28,783109,X,SP,20100901,20400815,300005000,t
36241LM60,783081,X,SP,20100801,20400815,100005000,t
36241LNN2,783097,X,SP,20100901,20400915,120005000,t
36241LNP7,783098,X,SP,20100901,20400815,360005000,t
36241LN77,783114,X,SP,20100901,20400915,165630125,t
36241LR73,783210,X,SP,20110101,20410115,40005000,t
36241LSA5,783213,X,SP,20110101,20400915,99019530,f
36241LPL4,783127,X,SP,20101001,20401015,338480085,t
36241LPZ3,783140,X,SP,20101001,20401015,320005000,t
36241LQ41,783175,X,SP,20101101,20400515,300005000,t
36241LQU3,783167,X,SP,20101101,20401115,120005000,t
36241LP26,783141,X,SP,20101001,20401015,300005000,t
36241LP83,783147,X,SP,20101001,20401015,200005000,t
36241LQ82,783179,X,SP,20101101,20391215,105830872,f
36241LQD1,783152,X,SP,20101101,20330415,18334530,t
36241LQX7,783170,X,SP,20101101,20400915,360005000,t
36241LRP3,783194,X,SP,20101201,20400915,51005000,f
36241LRC2,783183,X,SP,20101201,20401015,80005000,f
36241LNK8,783094,X,SP,20100901,20340815,52505000,t
36241LNV4,783104,X,SP,20100901,20400915,287205000,t
36241LRZ1,783204,X,SP,20110101,20400915,55233912,t
36241LRG3,783187,X,SP,20101201,20401215,160005000,t
36241LNZ5,783108,X,SP,20100901,20400815,125005000,f
36241LQ66,783177,X,SP,20101101,20400915,500005000,t
36241LNW2,783105,X,SP,20100901,20400415,100005000,f
36241LRR9,783196,X,SP,20101201,20401215,50005000,t
36241LRN8,783193,X,SP,20101201,20401215,80005000,t
36241LPE0,783121,X,SP,20101001,20401015,700005000,t
36241LQS8,783165,X,SP,20101101,20401115,210005000,t
36241LQZ2,783172,X,SP,20101101,20391215,525005000,f
36241LQY5,783171,X,SP,20101101,20401115,40005000,t
36241LR81,783211,X,SP,20110101,20410115,80005000,t
36241LQ90,783180,X,SP,20101201,20350615,12232597,t
36241LRK4,783190,X,SP,20101201,20400915,504005000,f
36241LRF5,783186,M,SP,20101201,20400720,70005000,t
36241LNJ1,783093,X,SP,20100901,20320215,11607069,f
36241LQT6,783166,X,SP,20101101,20401115,40005000,t
36241LNX0,783106,X,SP,20100901,20360215,39761748,t
36241LR24,783205,X,SP,20110101,20400915,50005000,f
36241LQN9,783161,X,SP,20101101,20401115,408959779,t
36241LN69,783113,X,SP,20100901,20360315,23505000,t
36241LQ33,783174,X,SP,20101101,20401115,80005000,t
36241LRS7,783197,X,SP,20101201,20401215,80005000,t
36241LSJ6,783221,X,JP,20110101,20240215,13292035,f
36241LSL1,783223,X,JP,20110101,20251215,21206274,f
36241LS80,783243,X,JP,20110201,20250915,85102307,f
36241LS98,783244,X,JP,20110201,20240215,10511072,f
36241LTA4,783245,X,JP,20110201,20240915,55184881,f
36241LTZ9,783268,X,SP,20110301,20400815,10149703,f
36241LT63,783273,C,SP,20110301,20410120,229868480,f
36241LUA2,783277,M,SP,20110301,20400720,22338546,f
36241LVL7,783319,X,SP,20110601,20351215,51634333,t
36241LVN3,783321,X,SP,20110601,20401215,84834111,t
36241LVW3,783329,X,JP,20110601,20240415,25310581,f
36241LV37,783334,X,SP,20110601,20400315,10073838,f
36241LS23,783237,X,SP,20110201,20410115,500005000,t
36241LUF1,783282,X,SP,20110401,20401215,60005000,t
36241LVC7,783311,M,SP,20110501,20410520,100005000,t
36241LT89,783275,X,SP,20110301,20360315,59534043,t
36241LSC1,783215,X,SP,20110101,20410115,178005000,t
36241LVE3,783313,X,SP,20110501,20410215,56005000,f
36241LVF0,783314,X,SP,20110501,20401215,105005000,t
36241LS56,783240,X,SP,20110201,20410115,170005000,t
36241LUS3,783293,X,SP,20110401,20410115,125005000,t
36241LVB9,783310,X,SP,20110501,20390815,10005000,t
36241LUM6,783288,M,SP,20110401,20410320,100005000,t
36241LTY2,783267,X,SP,20110301,20410315,180005000,t
36241LTU0,783263,X,SP,20110301,20401215,10236847,t
36241LV45,783335,X,SP,20110601,20361215,59641508,t
36241LSV9,783232,M,SP,20110101,20401020,68005000,t
36241LVG8,783315,M,SP,20110501,20410520,100005000,t
36241LTG1,783251,X,SP,20110201,20401015,24105000,t
36241LUR5,783292,X,SP,20110401,20401215,298955896,f
36241LSW7,783233,X,SP,20110101,20400715,10057165,t
36241LSX5,783234,X,SP,20110201,20401115,200005000,t
36241LS31,783238,X,SP,20110201,20410115,200005000,t
36241LTK2,783254,X,SP,20110301,20350115,73971034,t
36241LSS6,783229,M,SP,20110101,20401220,114005000,t
36241LTW6,783265,M,SP,20110301,20410320,369335000,t
36241LSZ0,783236,X,SP,20110201,20331215,14269426,t
36241LTN6,783257,X,SP,20110301,20410315,500005000,t
36241LT97,783276,X,SP,20110301,20410315,370005000,t
36241LTS5,783261,X,SP,20110301,20410315,1250005000,t
36241LTB2,783246,X,SP,20110201,20400315,11801130,t
36241LTT3,783262,X,SP,20110301,20410315,750005000,t
36241LSG2,783219,X,SP,20110101,20410115,100005000,t
36241LSU1,783231,X,SP,20110101,20350915,64631426,t
36241LSN7,783225,M,SP,20110101,20401220,97787817,t
36241LSQ0,783227,X,SP,20110101,20400815,51005000,t
36241LUL8,783287,X,SP,20110401,20400815,10117714,f
36241LT71,783274,X,SP,20110301,20360415,37820151,t
36241LWL6,783351,X,JP,20110701,20241215,14707501,f
36241LWT9,783358,X,JP,20110701,20251015,21843617,f
36241LXD3,783376,X,SP,20110801,20410615,10149153,t
36241LXN1,783385,X,JP,20110801,20241115,10489092,f
36241LXZ4,783396,X,SP,20110901,20370415,59119335,t
36241LX92,783404,X,SP,20110901,20340915,15923292,t
36241LYV2,783424,X,JP,20111001,20260915,32930408,f
36241LYX8,783426,X,SP,20111001,20400915,250005000,t
36241LY59,783432,X,SP,20111001,20400415,722013919,t
36241LZC3,783439,X,JP,20111001,20250915,50064642,f
36241LYL4,783415,X,SP,20110901,20410815,153828429,t
36241LXY7,783395,X,SP,20110901,20390915,95016413,t
36241LXC5,783375,X,SP,20110801,20410815,22005000,t
36241LXG6,783379,X,SP,20110801,20410815,500005000,t
36241LYR1,783420,X,SP,20111001,20341215,55445903,t
36241LYE0,783409,X,SP,20110901,20410915,55005000,t
36241LXJ0,783381,X,SP,20110801,20370115,18906933,t
36241LWY8,783363,X,SP,20110701,20410215,10537365,f
36241LZL3,783447,X,SP,20111001,20411015,600005000,f
36241LZN9,783449,M,SP,20111001,20410920,600005000,t
36241LY83,783435,M,SP,20111001,20400720,624690182,t
36241LWF9,783346,X,SP,20110701,20401215,10005000,f
36241LXU5,783391,X,SP,20110801,20400715,25005000,t
36241LWN2,783353,X,SP,20110701,20410415,840005000,f
36241LWC6,783343,X,SP,20110701,20350815,10879240,t
36241LYK6,783414,X,SP,20110901,20410915,150005000,t
36241LX43,783399,X,SP,20110901,20410815,250005000,f
36241LWK8,783350,X,SP,20110701,20381115,71130357,f
36241LYM2,783416,X,SP,20110901,20410415,110086801,f
36241LW28,783365,M,SP,20110701,20410620,183884907,t
36241LXK7,783382,X,SP,20110801,20410715,300005000,t
36241LYB6,783406,X,SP,20110901,20400915,315005000,t
36241LWA0,783341,M,SP,20110601,20410520,263799748,t
36241LXW1,783393,M,SP,20110801,20410220,44764471,t
36241LXM3,783384,X,SP,20110801,20410215,25005000,t
36241LWZ5,783364,X,SP,20110701,20410715,104005000,t
36241LY91,783436,X,SP,20111001,20411015,200005000,t
36241LYF7,783410,X,SP,20110901,20410815,135759131,f
36241LX68,783401,X,SP,20110901,20410815,111023131,t
36241LZT6,783454,X,SP,20111001,20401015,1409830000,f
36241LXT8,783390,X,SP,20110801,20410815,113005000,t
36241LZ25,783461,X,SP,20111001,20400515,578505000,f
36241L2J4,783477,X,JP,20111101,20260815,41338752,f
36241L2Q8,783483,X,SP,20111101,20410115,10047271,f
36241L2W5,783489,X,JP,20111201,20250615,14679333,f
36241L2X3,783490,X,JP,20111201,20240215,12306449,f
36241L4H6,783524,X,JP,20120201,20240915,17978843,f
36241L5B8,783542,X,SP,20120301,20360515,35927526,t
36241L5F9,783546,X,JP,20120301,20270315,165005000,f
36241L5M4,783552,X,JP,20120301,20260915,91198983,f
36241L5R3,783556,X,JP,20120301,20261215,85312512,f
36241L5V4,783560,X,JP,20120401,20261215,10056442,f
36241L5Z5,783564,X,SP,20120401,20360715,42980608,t
36241L6H4,783572,X,JP,20120501,20270515,176229618,f
36241L6N1,783577,X,SP,20120501,20420315,10390122,t
36241LZ41,783463,X,SP,20111001,20411015,50005000,t
36241L4D5,783520,X,SP,20120101,20420115,300005000,t
36241L3G9,783499,X,SP,20111201,20390615,10176709,t
36241L6L5,783575,X,SP,20120501,20400315,10140666,f
36241LZ82,783467,X,SP,20111001,20411015,275005000,t
36241LZ33,783462,M,SP,20111001,20400720,759005000,t
36241L2U9,783487,X,SP,20111201,20311015,65776850,t
36241L2F2,783474,X,SP,20111101,20411015,50005000,t
36241L2H8,783476,X,SP,20111101,20410415,100005000,t
36241L5G7,783547,X,SP,20120301,20411215,84005000,t
36241L6K7,783574,X,SP,20120501,20381115,29594507,f
36241L4L7,783527,X,SP,20120201,20390215,98257066,t
36241L2G0,783475,X,SP,20111101,20410415,200005000,f
36241L5D4,783544,X,SP,20120301,20370815,18754103,t
36241L6F8,783570,M,SP,20120501,20360720,13036662,t
36241L5L6,783551,X,SP,20120301,20401215,10005000,t
36241L5Y8,783563,X,SP,20120401,20420215,75005000,t
36241L2S4,783485,X,SP,20111201,20411115,203505004,t
36241LZW9,783457,M,SP,20111001,20410920,400005000,t
36241L2M7,783480,X,SP,20111101,20410715,75005000,f
36241L5U6,783559,X,SP,20120401,20380515,28461804,t
36241L4P8,783530,M,SP,20120201,20411220,47124682,t
36241L4U7,783535,X,SP,20120201,20420215,168290711,t
36241L4B9,783518,X,SP,20120101,20411215,300005000,t
36241L2P0,783482,X,SP,20111101,20330915,10083686,t
36241L2E5,783473,X,SP,20111101,20411115,500005000,t
36241L2V7,783488,X,SP,20111201,20310815,28673579,t
36241L6J0,783573,X,SP,20120501,20410615,10005000,t
36241L4W3,783537,X,SP,20120301,20370715,110353099,t
36241L3C8,783495,X,SP,20111201,20361215,72406769,t
36241L4Q6,783531,X,SP,20120201,20410815,250005000,f
36241L5J1,783549,M,SP,20120301,20411220,10349360,t
36241L4R4,783532,X,SP,20120201,20420215,466460591,t
36241L3H7,783500,X,SP,20111201,20400515,11640367,t
36241L4S2,783533,X,SP,20120201,20420215,550005000,t
36241L6A9,783565,X,SP,20120401,20400715,16746605,t
36241LZ66,783465,X,SP,20111001,20410615,71464149,t
36241L3T1,783510,X,SP,20111201,20400715,10005000,t
36241LZZ2,783460,X,SP,20111001,20410915,10135681,t
36241L6G6,783571,X,SP,20120501,20331215,59486230,t
36241L4X1,783538,X,SP,20120301,20341215,99953689,t
36241L4G8,783523,M,SP,20120201,20411220,125509821,t
36241L7H3,783596,X,JP,20120601,20270515,57004509,f
3622A2AM4,783612,X,JP,20120701,20270715,72936550,f
3622A2AV4,783620,M,SP,20120701,20420620,300005000,t
3622A2AY8,783623,X,SP,20120701,20400715,10005000,t
3622A2A36,783626,M,SP,20120801,20410720,97516365,t
3622A2A85,783631,X,SP,20120801,20341215,11067739,t
3622A2A93,783632,X,JP,20120801,20270715,60129541,f
3622A2BA9,783633,X,JP,20120801,20260615,25010095,f
3622A2BC5,783635,X,JP,20120801,20270715,100005000,f
3622A2BN1,783645,X,JP,20120801,20270715,204394810,f
3622A2BT8,783650,X,JP,20120901,20270915,215005000,f
3622A2BV3,783652,X,JP,20120901,20270915,50575218,f
3622A2DH2,783704,X,SP,20121201,20360615,50796806,t
3622A2A69,783629,X,SP,20120801,20420815,686005000,t
3622A2BM3,783644,M,SP,20120801,20420520,1700005000,t
3622A2CQ3,783679,X,SP,20121001,20391115,31771249,t
3622A2AC6,783603,X,SP,20120601,20390115,12950946,t
3622A2BG6,783639,X,SP,20120801,20420615,300005000,t
3622A2AE2,783605,X,SP,20120701,20420215,214290827,t
3622A2DD1,783700,X,SP,20121201,20400715,10909659,t
3622A2BX9,783654,X,SP,20120901,20351215,10666058,t
3622A2AK8,783610,X,SP,20120701,20411115,105438280,t
3622A2DB5,783698,M,SP,20121201,20320320,10286137,t
3622A2BK7,783642,M,SP,20120801,20420420,10016365,t
3622A2AB8,783602,M,SP,20120601,20400420,19479456,t
3622A2CP5,783678,X,SP,20121001,20420315,517448191,f
3622A2B68,783661,X,SP,20120901,20390115,11554673,t
3622A2DE9,783701,X,SP,20121201,20410615,14112010,f
3622A2C91,783696,X,SP,20121101,20370215,11401611,t
3622A2BQ4,783647,X,SP,20120901,20350915,50151546,t
3622A2B35,783658,X,SP,20120901,20420615,300005000,t
3622A2AQ5,783615,X,SP,20120701,20360615,25023241,t
3622A2CX8,783686,X,SP,20121101,20401215,34859612,f
3622A2B50,783660,X,SP,20120901,20390515,160928073,t
3622A2CT7,783682,X,SP,20121001,20400715,50099592,t
3622A2AL6,783611,X,SP,20120701,20380615,32836459,t
3622A2CN0,783677,X,SP,20121001,20400915,10197805,t
3622A2BJ0,783641,X,SP,20120801,20420615,300005000,t
3622A2CR1,783680,X,SP,20121001,20410715,100507773,f
3622A2AU6,783619,M,SP,20120701,20420520,300005000,t
3622A2CV2,783684,X,SP,20121001,20420215,45786624.6,t
3622A2AN2,783613,X,SP,20120701,20420115,1350005000,t
3622A2DS8,783713,M,SP,20130201,20420420,12085689,f
3622A2D41,783723,X,JP,20130301,20271115,41340422,f
3622A2D66,783725,X,SP,20130301,20390715,16087912,t
3622A2D90,783728,X,SP,20130301,20400715,247005000,f
3622A2EL2,783739,X,JP,20130401,20271015,38427085,f
3622A2E57,783756,X,SP,20130501,20360215,12820026,t
3622A2E81,783759,X,SP,20130501,20410915,50710179,f
3622A2E99,783760,X,SP,20130501,20420215,50005002,f
3622A2FG2,783767,X,SP,20130601,20400515,1054031818,f
3622A2FJ6,783769,X,SP,20130601,20400515,1043205000,f
3622A2GN6,783805,X,SP,20130801,20350415,78960207,t
3622A2EW8,783749,X,SP,20130401,20420915,88849846,t
3622A2GG1,783799,X,SP,20130801,20351115,75030989,f
3622A2GH9,783800,X,SP,20130801,20350615,60223019,t
3622A2EU2,783747,X,SP,20130401,20330815,10687414,t
3622A2DY5,783719,X,SP,20130201,20400715,10500125,f
3622A2DQ2,783711,X,SP,20130101,20420115,59066373,t
3622A2EZ1,783752,X,SP,20130401,20420315,20440198,f
3622A2FL1,783771,X,SP,20130601,20410415,25005000,t
3622A2FF4,783766,X,SP,20130601,20351115,52874372,f
3622A2GP1,783806,X,SP,20130801,20400615,10005000,t
3622A2EX6,783750,X,SP,20130401,20410815,57790331,t
3622A2ET5,783746,X,SP,20130401,20360615,10693668,t
3622A2F56,783788,X,SP,20130701,20401215,25005000,t
3622A2ED0,783732,X,SP,20130301,20410915,52098702,f
3622A2G48,783819,X,SP,20131001,20431015,51447419,t
3622A2GR7,783808,X,SP,20130801,20410815,70083581,f
3622A2G55,783820,X,SP,20131001,20431015,506140196,t
3622A2EG3,783735,X,SP,20130401,20410415,26844040,t
3622A2D33,783722,X,SP,20130301,20350515,22203604,t
3622A2FR8,783776,X,SP,20130601,20400815,14588396,f
3622A2F64,783789,X,SP,20130701,20411215,14005000,t
3622A2DP4,783710,X,SP,20130101,20410615,10050219,f
3622A2DR0,783712,X,SP,20130101,20410615,10005000,t
3622A2FB3,783762,X,SP,20130501,20410715,56514751,f
3622A2EN8,783741,X,SP,20130401,20371115,10050072,f
3622A2D25,783721,X,SP,20130301,20400715,11184963,f
3622A2GF3,783798,X,SP,20130801,20400915,42599265,f
3622A2FN7,783773,X,SP,20130601,20410615,24020771,t
3622A2EA6,783729,X,SP,20130301,20411015,54775026,t
3622A2D82,783727,X,SP,20130301,20410615,10425501,f
3622A2E65,783757,X,SP,20130501,20410615,26005000,t
3622A2FS6,783777,X,SP,20130601,20400515,16699561,t
3622A2FA5,783761,X,SP,20130501,20400715,54723413,t
3622A2GU0,783811,X,SP,20130901,20360915,50510571,t
3622A2FH0,783768,X,SP,20130601,20320915,11614272,f
3622A2FP2,783774,X,SP,20130601,20400615,33311290,t
3622A2DX7,783718,X,SP,20130201,20421215,50005000,t
3622A2D58,783724,X,SP,20130301,20390515,90053915,t
3622A2G30,783818,X,SP,20131001,20431015,500149651,t
3622A2HT2,783842,X,SP,20131101,20410815,135365968,t
3622A2H96,783856,X,JP,20140101,20270815,86629775,f
3622A2JD5,783860,C,SP,20140101,20430620,19314899,f
3622A2JE3,783861,C,SP,20140101,20430220,10207995,f
3622A2JG8,783863,C,SP,20140101,20430720,39400707,f
3622A2JV5,783876,X,JP,20140401,20260415,10435994,f
3622A2JW3,783877,X,JP,20140401,20270715,98422966,f
3622A2JX1,783878,X,JP,20140401,20290415,50149850,f
3622A2J86,783887,C,SP,20140401,20430220,26483506,f
3622A2KC5,783891,X,JP,20140501,20260715,10441735,f
3622A2KL5,783899,X,JP,20140601,20250915,17026461,f
3622A2KN1,783901,X,JP,20140601,20260515,13080111,f
3622A2KR2,783904,X,SP,20140601,20400215,27140469,t
3622A2KU5,783907,X,JP,20140701,20290615,15177598,f
3622A2K92,783920,X,SP,20140901,20340415,10766868,t
3622A2LC4,783923,X,SP,20140901,20370415,16862553,t
3622A2LD2,783924,X,JP,20140901,20260815,15175753,f
3622A2LH3,783928,X,JP,20141001,20290915,32190193,f
3622A2LJ9,783929,X,JP,20141001,20260515,12151366,f
3622A2LZ3,783944,X,JP,20141201,20250915,43789036,f
3622A2H54,783852,X,SP,20131201,20400315,10005000,t
3622A2K50,783916,X,SP,20140801,20440715,329168784,t
3622A2HD7,783828,X,SP,20131101,20311115,10648306,t
3622A2H70,783854,X,SP,20131201,20431215,109443765,t
3622A2KM3,783900,X,SP,20140601,20420315,15236569,t
3622A2JN3,783869,X,SP,20140301,20360115,14148732,t
3622A2LT7,783938,M,SP,20141101,20431020,31319242,t
3622A2JL7,783867,X,SP,20140201,20360815,54812607,t
3622A2J60,783885,X,SP,20140401,20401015,54468560,t
3622A2LA8,783921,X,SP,20140901,20400315,23609654,f
3622A2H47,783851,X,SP,20131201,20410315,10400921,t
3622A2JS2,783873,X,SP,20140301,20410815,133825193,f
3622A2HC9,783827,X,SP,20131001,20360615,51327163,t
3622A2JR4,783872,X,SP,20140301,20440115,85005000,t
3622A2J37,783882,X,SP,20140401,20440415,12412263,t
3622A2J45,783883,X,SP,20140401,20440315,52739927,t
3622A2HU9,783843,X,SP,20131101,20410815,191924150,t
3622A2HS4,783841,X,SP,20131101,20431015,113206297,t
3622A2LB6,783922,X,SP,20140901,20400615,77923898,t
3622A2KQ4,783903,X,SP,20140601,20440615,10005000,t
3622A2LN0,783933,X,SP,20141001,20400215,99887900,f
3622A2HZ8,783848,X,SP,20131201,20390115,11664075,t
3622A2KV3,783908,X,SP,20140701,20440715,39005000,t
3622A2KB7,783890,M,SP,20140501,20381120,11864501,t
3622A2HR6,783840,X,SP,20131101,20420115,192792458,t
3622A2HV7,783844,X,SP,20131101,20430915,93805000,t
3622A2JT0,783874,X,SP,20140301,20410815,188614971,t
3622A2LM2,783932,X,SP,20141001,20440315,93665435,t
3622A2JP8,783870,X,SP,20140301,20440315,58527333,t
3622A2KF8,783894,X,SP,20140501,20410215,51629459,f
3622A2H21,783849,X,SP,20131201,20360115,43127763,t
3622A2H62,783853,X,SP,20131201,20431215,65998295,t
3622A2L42,783947,X,JP,20141201,20250715,10815086,f
3622A2MN9,783965,X,SP,20150201,20410915,15898942,f
3622A2MP4,783966,C,SP,20150201,20450120,118245703,f
3622A2MQ2,783967,C,SP,20150201,20441220,18657598,f
3622A2MS8,783969,M,JP,20150201,20281220,25426349,f
3622A2MX7,783974,X,JP,20150301,20290315,10830479,f
3622A2NV0,784004,X,SP,20150501,20341215,16643622,f
3622A2PF3,784022,C,SP,20150701,20410920,18314790,f
3622A2PG1,784023,X,JP,20150701,20291115,59544642,f
3622A2M41,783979,X,SP,20150301,20420115,88939192,t
3622A2M66,783981,X,SP,20150301,20390915,20983741,t
3622A2N40,784011,M,SP,20150601,20430820,89537935,t
3622A2MD1,783956,X,SP,20141201,20410515,50314460,t
3622A2QH8,784056,X,SP,20151001,20410515,13145295,t
3622A2M90,783984,M,SP,20150301,20430820,11966032,t
3622A2QK1,784058,X,SP,20151001,20410415,11311865,t
3622A2ML3,783963,X,SP,20150201,20430415,150005000,t
3622A2MZ2,783976,M,SP,20150301,20430420,773240000,t
3622A2MF6,783958,X,SP,20141201,20410715,62608317,t
3622A2PQ9,784031,X,SP,20150801,20430315,10070743,t
3622A2L83,783951,X,SP,20141201,20410815,16733432,f
3622A2MW9,783973,M,SP,20150201,20410520,14641199,t
3622A2NT5,784002,X,SP,20150501,20320815,12818080,t
3622A2QC9,784051,X,SP,20151001,20341215,5891669,t
3622A2NC2,783987,X,SP,20150401,20410815,160500711,t
3622A2NA6,783985,X,SP,20150301,20420515,50429476,t
3622A2L91,783952,X,SP,20141201,20390215,27401726,f
3622A2MB5,783954,M,SP,20141201,20420420,20402002,t
3622A2MG4,783959,X,SP,20150101,20360415,10008435,t
3622A2MC3,783955,X,SP,20141201,20430915,21727916,t
3622A2MR0,783968,X,SP,20150201,20410915,12970248,f
3622A2QJ4,784057,X,SP,20151001,20450915,15424902,t
3622A2MV1,783972,X,SP,20150201,20391215,100642439,t
3622A2L75,783950,M,SP,20141201,20420220,10377782,t
3622A2MU3,783971,X,SP,20150201,20420515,64983093,t
3622A2MH2,783960,X,SP,20150101,20410615,12650822,f
3622A2N24,784009,X,SP,20150601,20430815,32482702,t
3622A2QP0,784062,M,JP,20151101,20301020,15219581,f
3622A2RF1,784086,X,SP,20151201,20420315,35311419,f
3622A2RG9,784087,X,SP,20160101,20410315,5082795,t
3622A2R46,784107,X,SP,20160201,20381215,11815338,t
3622A2SL7,784123,M,JP,20160301,20310120,10960344,f
3622A2SM5,784124,X,SP,20160301,20380115,5043745,t
3622A2SV5,784132,M,JP,20160301,20310220,15570501,f
3622A2S86,784143,X,SP,20160401,20401215,9439730,t
3622A2TT9,784162,C,SP,20160501,20350120,44775379,f
3622A2TU6,784163,X,JP,20160501,20250415,31519538,f
3622A2T44,784171,X,SP,20160601,20381015,10699356,f
3622A2T28,784169,X,SP,20160601,20300215,31521282,t
3622A2RP9,784094,X,SP,20160101,20390115,35626675,t
3622A2SE3,784117,X,SP,20160301,20420915,176615428,t
3622A2RB0,784082,X,SP,20151201,20330815,28477067,t
3622A2Q54,784076,X,SP,20151201,20291215,6731458,t
3622A2QR6,784064,M,SP,20151101,20390320,12712452,t
3622A2Q96,784080,X,SP,20151201,20381015,11415727,t
3622A2Q47,784075,X,SP,20151201,20340815,5367994,t
3622A2TZ5,784168,X,SP,20160601,20290315,13764266,t
3622A2TX0,784166,X,SP,20160601,20351015,6615922,t
3622A2QY1,784071,X,SP,20151201,20410615,10059772,t
3622A2TY8,784167,X,SP,20160601,20380415,5094975,t
3622A2TW2,784165,X,SP,20160501,20450915,118325423,f
3622A2QX3,784070,X,SP,20151201,20400315,38461640,t
3622A2TE2,784149,X,SP,20160401,20410615,5346379,f
3622A2SH6,784120,X,SP,20160301,20291115,15488237,t
3622A2QV7,784068,X,SP,20151101,20350215,6155969,t
3622A2RL8,784091,M,SP,20160101,20360520,25267144,t
3622A2TB8,784146,X,SP,20160401,20460415,276203505,t
3622A2TK8,784154,X,SP,20160501,20440315,79013344,t
3622A2QS4,784065,X,SP,20151101,20390215,15936986,t
3622A2S78,784142,X,SP,20160401,20400815,5317023,t
3622A2S29,784137,X,SP,20160301,20451015,512671685,t
3622A2SJ2,784121,X,SP,20160301,20290815,47703050,t
3622A2S94,784144,X,SP,20160401,20390815,7309829,t
3622A2S60,784141,X,SP,20160401,20301215,60978195,t
3622A2SY9,784135,X,SP,20160301,20291015,59253322,t
3622A2U34,784202,C,SP,20160901,20430520,42862533,f
3622A2VG4,784215,X,SP,20161101,20391115,58391481,t
3622A2VP4,784222,X,SP,20161101,20400515,6683641,t
3622A2VQ2,784223,M,JP,20161101,20311020,92526399,f
3622A2V74,784238,X,JP,20161201,20260615,5315208,f
3622A2XE7,784277,X,SP,20170301,20340815,7133729,t
3622A2XU1,784291,X,SP,20170401,20410815,5039977,f
3622A2XV9,784292,X,SP,20170401,20460615,26930688,t
3622A2UJ9,784185,M,SP,20160801,20441020,88727863,t
3622A2WU2,784259,M,SP,20170301,20450520,111108877,t
3622A2WK4,784250,X,SP,20170201,20400515,13622416,t
3622A2UZ3,784200,X,SP,20160901,20401215,11734901,f
3622A2WW8,784261,X,SP,20170301,20360315,32352751,t
3622A2WT5,784258,X,SP,20170301,20421015,29093375,t
3622A2V82,784239,X,SP,20170101,20350715,5170950,t
3622A2VZ2,784232,X,SP,20161201,20460415,91860933,t
3622A2VJ8,784217,X,SP,20161101,20391115,245404233,t
3622A2WE8,784245,M,SP,20170101,20431220,59478028,t
3622A2WG3,784247,X,SP,20170201,20290515,7617862,t
3622A2WD0,784244,X,SP,20170101,20410215,8991210,f
3622A2UT7,784194,M,SP,20160901,20440420,11020199,t
3622A2V90,784240,X,SP,20170101,20350715,5093712,t
3622A2VN9,784221,X,SP,20161101,20460615,10094343,t
3622A2WF5,784246,X,SP,20170101,20451115,23481029,t
3622A2U91,784208,X,SP,20161001,20460715,62275556,t
3622A2WC2,784243,X,SP,20170101,20400715,11161556,t
3622A2XR8,784288,X,SP,20170301,20360515,14081982,t
3622A2UL4,784187,X,SP,20160801,20460115,5001000,t
3622A2VS8,784225,X,SP,20161101,20420615,25077279,t
3622A2US9,784193,X,SP,20160901,20400715,5137971,f
3622A2XH0,784280,X,SP,20170301,20410215,5464935,t
3622A2WB4,784242,X,SP,20170101,20410615,12281831,t
3622A2VX7,784230,X,SP,20161201,20271215,5492498,t
3622A2VA7,784209,X,SP,20161001,20310615,6276181,t
3622A2WY4,784263,X,SP,20170301,20360915,28006271.67,f
3622A2WJ7,784249,X,SP,20170201,20390815,8700635,t
3622A2XF4,784278,X,SP,20170301,20340115,9244989,t
3622A2VW9,784229,X,SP,20161201,20381015,6045165,t
3622A2UU4,784195,M,SP,20160901,20450520,15501010,t
3622A2XQ0,784287,X,SP,20170301,20381115,5145554,t
3622A2ZA3,784337,X,SP,20170601,20451115,19489883,f
3622A2ZC9,784339,C,SP,20170601,20400520,5160439,f
3622A2Z21,784361,X,SP,20170801,20460615,10903623,t
3622A22M3,784380,X,SP,20171001,20401215,5005666,f
3622A22X9,784390,M,JP,20171101,20321020,52132516,f
3622A22Z4,784392,X,SP,20171101,20390115,5056957,t
3622A23J9,784401,M,SP,20171201,20460720,11008176,f
3622A23N0,784405,M,JP,20171201,20321120,5298328,f
3622A2X23,784297,X,SP,20170401,20460515,100736198,t
3622A2Z70,784366,X,SP,20170901,20461215,527207144,t
3622A22T8,784386,M,SP,20171101,20450820,60570403,t
3622A2ZF2,784342,X,SP,20170701,20410615,5470007,t
3622A2YL0,784315,X,SP,20170501,20360615,15193515,t
3622A2ZG0,784343,X,SP,20170701,20410215,11727716,t
3622A2X31,784298,X,SP,20170401,20460715,62336674,f
3622A2X72,784302,X,SP,20170501,20440915,55407790,t
3622A23G5,784399,X,SP,20171101,20450815,63098143,t
3622A22S0,784385,X,SP,20171101,20470415,51419843,t
3622A2ZR6,784352,X,SP,20170801,20450915,62146429,t
3622A23B6,784394,X,SP,20171101,20461215,22494517,t
3622A2YM8,784316,X,SP,20170501,20410915,17434254,f
3622A2ZU9,784355,X,SP,20170801,20461215,56244622,t
3622A2ZH8,784344,X,SP,20170701,20410415,18814840,t
3622A2Z88,784367,X,SP,20170901,20440315,46201801,t
3622A2Z62,784365,X,SP,20170901,20400715,5611051,f
3622A22L5,784379,X,SP,20171001,20390215,5017608,f
3622A2YT3,784322,X,SP,20170501,20431215,16354080,f
3622A22R2,784384,X,SP,20171101,20440315,16167211,t
3622A2Y48,784331,X,SP,20170501,20410615,11632828,t
3622A2YH9,784312,X,SP,20170501,20450915,34779154,f
3622A2ZB1,784338,X,SP,20170601,20420315,8958533,f
3622A22Q4,784383,X,SP,20171101,20450915,6563416,f
3622A2YW6,784325,X,SP,20170501,20460615,50111337,t
3622A23R1,784408,C,SP,20171201,20471020,44597370,f
3622A23Z3,784416,C,SP,20171201,20470320,71834305,f
3622A24B5,784418,C,SP,20171201,20470520,50649100,f
3622A24R0,784432,C,SP,20180201,20471220,79460441,f
3622A24X7,784438,X,SP,20180201,20390915,5862666,t
3622A25M0,784452,X,SP,20180301,20410615,5039053,f
3622A25P3,784454,M,SP,20180301,20460720,12671729,f
3622A26F4,784470,X,SP,20180401,20411115,21512406,t
3622A26G2,784471,C,SP,20180401,20470820,54045904,f
3622A26V9,784484,C,SP,20180501,20471120,103773092,f
3622A26W7,784485,C,SP,20180501,20470120,7100399,f
3622A3AN0,784513,C,SP,20180601,20471220,68467858,f
3622A25Z1,784464,X,SP,20180401,20340515,5094075,t
3622A24D1,784420,X,SP,20171201,20461115,33772046,t
3622A26D9,784468,X,SP,20180401,20360715,6459297,t
3622A26C1,784467,X,SP,20180401,20301215,6312600,t
3622A26Z0,784488,X,SP,20180501,20451115,20325203,f
3622A25V0,784460,X,SP,20180401,20460715,113531395,t
3622A3AK6,784510,M,SP,20180601,20310520,5009921,t
3622A24M1,784428,X,SP,20180201,20471215,10545737,t
3622A27A4,784489,X,SP,20180501,20410615,14174177,t
3622A27L0,784499,M,SP,20180601,20410220,11056359,t
3622A27M8,784500,X,SP,20180601,20470215,62600947,t
3622A23V2,784412,X,SP,20171201,20460715,54405381,t
3622A23T7,784410,X,SP,20171201,20471115,31193013,t
3622A25W8,784461,X,SP,20180401,20410615,7926181,t
3622A27D8,784492,X,SP,20180501,20470315,235139222,t
3622A23P5,784406,X,SP,20171201,20460715,29493336,t
3622A25Y4,784463,X,SP,20180401,20330215,5049628,t
3622A25G3,784447,X,SP,20180301,20390115,5749689,t
3622A25C2,784443,X,SP,20180201,20420315,19752411,t
3622A25X6,784462,X,SP,20180401,20390115,5014990,t
3622A3AB6,784502,X,SP,20180601,20381115,5183066,f
3622A23S9,784409,M,SP,20171201,20450520,94600843,t
3622A25S7,784457,X,SP,20180301,20430415,42437659,t
3622A24K5,784426,X,SP,20180101,20410915,61422336,f
3622A3AS9,784517,C,SP,20180601,20470620,30981740,f
3622A3AT7,784518,C,SP,20180601,20480220,72998282,f
3622A3AV2,784520,C,SP,20180601,20470820,41724756,f
3622A3A42,784527,C,SP,20180601,20471220,54627389,f
3622A3BK5,784542,C,SP,20180701,20450720,26715417,f
3622A3CA6,784565,X,SP,20180801,20380815,31941005,t
3622A3CC2,784567,X,SP,20180801,20390115,26505184,t
3622A3CL2,784575,M,SP,20180801,20391020,14912037,t
3622A3CM0,784576,X,SP,20180801,20400415,6270605,f
3622A3CN8,784577,C,SP,20180801,20470720,62510161,f
3622A3CV0,784584,C,SP,20180801,20480320,76777222,f
3622A3CZ1,784588,M,SP,20180901,20461220,121300240,t
3622A3C24,784589,C,SP,20180901,20471220,103362939,f
3622A3C57,784592,M,WL,20180901,20431020,11079846,f
3622AAAA2,784601,C,SP,20181001,20480320,312615361,f
3622AAAF1,784606,C,JP,20181001,20330920,5273142,f
3622AAAJ3,784609,M,SP,20181001,20460720,12846221,f
3622AAAK0,784610,X,JP,20181101,20270715,5333119,f
3622A3BG4,784539,X,SP,20180701,20420515,41922254,f
3622A3BJ8,784541,X,SP,20180701,20460615,9186456,f
3622AAAE4,784605,X,SP,20181001,20420115,40514994,t
3622A3CH1,784572,M,SP,20180801,20430620,7624287,t
3622A3BM1,784544,X,SP,20180701,20470915,73756223,t
3622A3BD1,784536,X,SP,20180701,20320715,5529540,f
3622A3BC3,784535,X,SP,20180701,20310815,5952436,t
3622AAAR5,784616,X,SP,20181101,20390215,5134948,t
3622A3A91,784532,M,SP,20180601,20451220,67277499,t
3622A3BA7,784533,M,SP,20180701,20350720,5360815,t
3622A3CD0,784568,X,SP,20180801,20390115,5022373,f
3622A3CE8,784569,X,SP,20180801,20380115,5018495,f
3622A3CJ7,784573,X,SP,20180801,20431215,5604684,t
3622AAAU8,784619,X,SP,20181101,20380615,17639031,t
3622A3A59,784528,X,SP,20180601,20470615,42013517,t
3622A3B82,784563,X,SP,20180801,20411215,516670126,t
3622A3BP4,784546,X,SP,20180701,20431215,24502586,t
3622A3BF6,784538,X,SP,20180701,20311215,5285507,t
3622AAAV6,784620,X,SP,20181101,20301115,5687144,t
3622A3CB4,784566,X,SP,20180801,20400915,152011660,t
3622A3CG3,784571,X,SP,20180801,20480615,146960953,t
3622AAAT1,784618,X,SP,20181101,20380715,37797900,t
3622A3B66,784561,X,SP,20180801,20440315,97274441,t
3622A3BR0,784548,X,SP,20180701,20450415,13079225,t
3622A3BL3,784543,X,SP,20180701,20460115,71664825,t
3622AAAY0,784623,C,SP,20181201,20451020,50074848,f
3622AAA79,784630,C,SP,20181201,20480420,61549960,f
3622AAA87,784631,C,SP,20181201,20480120,101812198,f
3622AABH6,784640,C,SP,20190101,20480520,58797598,f
3622AABJ2,784641,C,SP,20190101,20480920,107797030,f
3622AABK9,784642,C,SP,20190101,20480320,86859355,f
3622AABT0,784650,X,SP,20190101,20450715,7380288,t
3622AAB29,784657,C,SP,20190201,20490120,25473964,f
3622AACK8,784674,C,SP,20190201,20480420,106718713,f
3622AACS1,784681,C,SP,20190201,20480420,9036784,f
3622AACT9,784682,C,SP,20190201,20480820,38726486,f
3622AACZ5,784688,C,SP,20190301,20490220,13519210,f
3622AAC85,784695,X,SP,20190301,20410615,9768175,f
3622AADH4,784704,C,SP,20190401,20490320,14347279,f
3622AADJ0,784705,C,SP,20190401,20490320,10943085,f
3622AADY7,784719,C,SP,20190401,20480120,94658861,f
3622AADZ4,784720,C,SP,20190401,20480420,14668853,f
3622AAD27,784721,C,SP,20190401,20480420,29636709,f
3622AAEE0,784733,C,SP,20190501,20490520,12112059,f
3622AACX0,784686,X,SP,20190301,20390515,19704157,t
3622AADT8,784714,X,SP,20190401,20440115,55666158,t
3622AAB78,784662,X,SP,20190201,20430615,7644608,t
3622AACH5,784672,X,SP,20190201,20460915,15237508,t
3622AADX9,784718,X,SP,20190401,20461215,25642686,t
3622AAD76,784726,X,SP,20190501,20380215,5044788,t
3622AABY9,784655,X,SP,20190101,20470615,241832909,t
3622AADS0,784713,X,SP,20190401,20470215,57028818,t
3622AADF8,784702,X,SP,20190401,20400415,2019812084,f
3622AABG8,784639,X,SP,20181201,20461215,28204610,t
3622AADC5,784699,X,SP,20190301,20480415,53830902,t
3622AAAZ7,784624,M,SP,20181201,20300420,5050556,t
3622AAB60,784661,X,SP,20190201,20390115,5084540,t
3622AABW3,784653,X,SP,20190101,20450915,21688396,f
3622AAD92,784728,X,SP,20190501,20400115,3753718468,t
3622AADG6,784703,X,SP,20190401,20431015,4798704727,t
3622AAD84,784727,X,SP,20190501,20431115,802234127,t
3622AACG7,784671,X,SP,20190201,20410615,5027921,f
3622AAD50,784724,X,SP,20190501,20380215,5055913,t
3622AABU7,784651,X,SP,20190101,20420515,9908696,t
3622AAD35,784722,X,SP,20190501,20311215,5657891,f
3622AAB86,784663,X,SP,20190201,20360715,5354956,f
3622AAA53,784628,X,SP,20181201,20450815,60967142,t
3622AAB94,784664,X,SP,20190201,20450415,18535028,t
3622AADV3,784716,X,SP,20190401,20451115,18606614,f
3622AACQ5,784679,X,SP,20190201,20460715,44748155,f
3622AAC77,784694,X,SP,20190301,20460515,70523432,t
3622AADE1,784701,X,SP,20190401,20411015,1555115723,t
3622AAEL4,784739,M,BP,20190501,20340520,6439009,f
3622AAEV2,784748,C,SP,20190601,20480220,25080000,f
3622AAEZ3,784752,X,SP,20190601,20450315,5446978,t
3622AAE42,784755,C,SP,20190601,20480420,16106683,f
3622AAE59,784756,C,SP,20190601,20480120,56468071,f
3622AAE75,784758,C,SP,20190601,20490520,18836972,f
3622AAFV1,784780,C,SP,20190701,20490320,35777621,f
3622AAF74,784790,X,JP,20190801,20300615,6013112,f
3622AAGL2,784803,X,SP,20190901,20391215,7462585,t
3622AAGP3,784806,M,WB,20190901,20490820,17177658,f
3622AAHD9,784828,C,SP,20191001,20480320,88606704,f
3622AAHT4,784842,X,SP,20191101,20320315,6125023,t
3622AAF33,784786,X,SP,20190801,20320515,10060685,t
3622AAF41,784787,X,SP,20190801,20381115,10217311,t
3622AAFP4,784774,X,SP,20190701,20301215,6559575,t
3622AAEN0,784741,X,SP,20190501,20390715,6583278,t
3622AAFQ2,784775,X,SP,20190701,20291215,5594930,t
3622AAG57,784820,X,SP,20190901,20470215,64626329,t
3622AAFK5,784770,X,SP,20190601,20450915,28258313,f
3622AAF58,784788,X,SP,20190801,20431215,59892038,t
3622AAET7,784746,X,SP,20190501,20430815,16571354,t
3622AAHU1,784843,X,SP,20191101,20390115,6604511,f
3622AAEX8,784750,X,SP,20190601,20391215,83941849,f
3622AAGC2,784795,X,SP,20190801,20461215,51638968,t
3622AAFN9,784773,X,SP,20190701,20291215,5602773,t
3622AAHZ0,784848,X,SP,20191101,20470215,75209911,t
3622AAGK4,784802,M,SP,20190901,20410220,5313426,t
3622AAE34,784754,X,SP,20190601,20470715,5112163,t
3622AAGM0,784804,X,SP,20190901,20320215,5061695,t
3622AAFT6,784778,X,SP,20190701,20310115,5525303,t
3622AAHV9,784844,X,SP,20191101,20310715,8992688,t
3622AAGV0,784812,X,SP,20190901,20340415,5314681,t
3622AAF66,784789,M,SP,20190801,20460220,32253246,t
3622AAGB4,784794,X,SP,20190801,20420615,21126777,t
3622AAFR0,784776,X,SP,20190701,20381015,6745331,t
3622AAHQ0,784839,X,SP,20191001,20490615,27659595,t
3622AAHE7,784829,X,SP,20191001,20460615,24314231,t
3622AAHF4,784830,X,SP,20191001,20470915,26460921,t
3622AAFL3,784771,X,SP,20190601,20430315,9390431,t
3622AAG73,784822,X,SP,20190901,20450815,32472538,t
3622AAEY6,784751,X,SP,20190601,20430815,6955717440,t
3622AAJF2,784862,C,SP,20191201,20471120,29648366,f
3622AAJH8,784864,C,SP,20191201,20490820,61855395,f
3622AAJT2,784874,C,SP,20191201,20460420,25027687,f
3622AAKB9,784890,C,SP,20200101,20460120,29101548,f
3622AAKC7,784891,C,SP,20200101,20480420,88005757,f
3622AAKD5,784892,C,SP,20200101,20480420,44320821,f
3622AAKF0,784894,C,SP,20200101,20480220,103246552,f
3622AAKP8,784902,M,JP,20200101,20341220,127919137,f
3622AALA0,784921,C,SP,20200201,20490920,75655293,f
3622AAL93,784952,C,SP,20200301,20500220,100639465,f
3622AAK37,784914,X,SP,20200201,20360615,5103791,t
3622AAK45,784915,M,SP,20200201,20420220,7138825,t
3622AAKX1,784910,X,SP,20200201,20410615,5517683,f
3622AAJP0,784870,X,SP,20191201,20470115,13967548,t
3622AAK29,784913,X,SP,20200201,20360815,6390298,f
3622AAJX3,784878,X,SP,20200101,20320415,30174206,t
3622AAJ21,784881,X,SP,20200101,20360715,6806827,t
3622AAJZ8,784880,X,SP,20200101,20320715,5044136,f
3622AAJW5,784877,X,SP,20200101,20480215,18511103,t
3622AAKW3,784909,X,SP,20200201,20410315,5294111,f
3622AAM50,784980,M,JP,20200401,20350220,48665086,f
3622AANK6,784994,C,SP,20200501,20480420,5418289,f
3622AAPG3,785023,M,JP,20200501,20340520,94299757,f
3622AAPK4,785026,C,SP,20200501,20500520,122614922,f
3622AAPQ1,785031,M,WB,20200601,20500520,13213618,f
3622AAPS7,785033,C,SP,20200601,20480520,5387174,f
3622AAQN7,785061,C,SP,20200601,20500420,75224097,f
3622AAQT4,785066,C,SP,20200601,20481220,11350459,f
3622AAQV9,785068,C,SP,20200601,20500220,8715849,f
3622AARR7,785096,X,SP,20200801,20370815,27078084,t
3622AARM8,785092,X,SP,20200801,20400115,7241231,t
3622AANQ3,784999,X,SP,20200501,20380915,5010743,t
3622AARD8,785084,X,SP,20200701,20410515,5270381,t
3622AAQP2,785062,X,SP,20200601,20480615,5326411,t
3622AAPP3,785030,X,SP,20200601,20411015,6649375,t
3622AAQ31,785074,X,SP,20200701,20381015,5073075,t
3622AAP99,785048,X,SP,20200601,20470915,12043690,t
3622AARK2,785090,X,SP,20200801,20470715,50810319,t
3622AAP73,785046,X,SP,20200601,20450215,9791446,t
3622AANR1,785000,X,SP,20200501,20451115,18576048,t
3622AANM2,784996,X,SP,20200501,20430615,5786268,t
3622AASG0,785119,M,WB,20200901,20500820,17060934,f
3622AASP0,785126,C,SP,20200901,20471220,55886627,f
3622AATC8,785147,X,SP,20201001,20400915,13982442,t
3622AAT46,785171,C,SP,20201101,20490820,21800105,f
3622AASS4,785129,M,SP,20200901,20410720,6917942,t
3622AASY1,785135,M,SP,20200901,20491220,53089219,t
3622AAS88,785143,M,SP,20201001,20350320,5014006,t
3622AART3,785098,X,SP,20200801,20430815,30763682,t
3622AASN5,785125,X,SP,20200901,20480615,43353146,t
3622AASW5,785133,X,SP,20200901,20380715,6470509,t
3622AARU0,785099,X,SP,20200801,20470115,11835175,t
3622AAT61,785173,X,SP,20201101,20500315,43100157,t
3622AAVB7,785210,X,SP,20201201,20400915,218197264,t
3622AATB0,785146,X,SP,20201001,20391115,13827630,t
3622AASU9,785131,X,SP,20200901,20391215,90935305,f
3622AASX3,785134,M,SP,20200901,20491120,100388506,t
3622AAVC5,785211,X,SP,20201201,20400815,34540450,t
3622AAU77,785206,X,SP,20201201,20291215,6259286,t
3622AATA2,785145,X,SP,20201001,20400215,98303975,t
3622AARV8,785100,X,SP,20200801,20450415,10873774,t
3622AAWL4,785251,C,SP,20210101,20490920,15104191,f
3622AAWM2,785252,C,SP,20210101,20490920,31798682,f
3622AAWP5,785254,C,SP,20210101,20500120,56750460,f
3622AAWX8,785262,C,SP,20210101,20490820,39771110,f
3622AAWZ3,785264,X,SP,20210101,20500315,66345192,t
3622AAW26,785265,X,SP,20210101,20480915,70699508,t
3622AAXW9,785293,C,SP,20210201,20510220,307799488,f
3622AAX66,785301,C,SP,20210201,20510220,78720359,f
3622AAX74,785302,C,SP,20210201,20510120,400456141,f
3622AAYF5,785310,C,SP,20210201,20510220,166976477,f
3622AAYU2,785323,X,JP,20210201,20290115,6209921,f
3622AAYY4,785327,C,SP,20210201,20491020,20915188,f
3622AAY73,785334,X,SP,20210201,20490315,7501291,t
3622AAY99,785336,X,SP,20210201,20391115,6257841,t
3622AAXG4,785279,X,SP,20210101,20460515,22453051,t
3622AAXM1,785284,M,SP,20210101,20470520,130874613,t
3622AAW34,785266,X,SP,20210101,20320915,16041344,t
3622AAX82,785303,X,SP,20210201,20341215,5831429,t
3622AAZA5,785337,X,SP,20210201,20400515,5139533,t
3622AAZB3,785338,X,SP,20210201,20390115,5557636,f
3622AA2K9,785378,C,SP,20210301,20510320,66496804,f
3622AA3A0,785393,C,SP,20210301,20500520,15209846,f
3622AA3G7,785399,C,SP,20210301,20510320,88571271,f
3622AA3L6,785403,C,SP,20210301,20510320,48855099,f
3622AA4C5,785419,X,SP,20210401,20480215,5844445,t
3622AA4D3,785420,X,SP,20210401,20490215,5100486,t
3622AA5N0,785453,C,SP,20210401,20510320,53953635,f
3622AA6L3,785475,C,SP,20210501,20510420,39516060,f
3622AA6P4,785478,X,SP,20210501,20410615,18665078,f
3622AA7A6,785489,M,JP,20210501,20360320,7786079,f
3622AA7B4,785490,M,JP,20210501,20360320,8954751,f
36241LGU4,782911,X,SP,20100301,20391215,500005000,t
3622A2AX0,783622,X,SP,20120701,20410615,13254704,t
36241LPN0,783129,X,SP,20101001,20401015,430005000,t
3622AAAQ7,784615,X,SP,20181101,20300515,5200243,f
36241LJK3,782966,X,SP,20100501,20400115,100005000,f
36241KA65,781829,X,SP,20041101,20341115,50005000,t
36241K2F4,782574,X,SP,20090201,20390215,110005000,t
36225BUY2,781499,X,SP,20020901,20320915,200005000,t
36241LBV7,782752,X,SP,20090901,20390315,260005000,f
36225BE95,781060,X,SP,19990701,20271115,101496858,t
36225BTU2,781463,X,SP,20020701,20291215,43244261,t
36225BLU0,781239,X,SP,20010101,20261215,275895750,t
36225A4P2,780830,X,SP,19980701,20241015,26276820,t
3622A2RA2,784081,X,SP,20151201,20390215,21130520,t
3622A2FK3,783770,X,SP,20130601,20381215,10934066,t
36241KDH8,781904,X,SP,20050401,20350415,100005000,t
3622AAP81,785047,X,SP,20200601,20471015,6714428,t
36241K7C6,782691,X,SP,20090601,20390615,505005000,f
3622A2KE1,783893,X,SP,20140501,20410615,20227350,t
3622A24C3,784419,M,SP,20171201,20451220,80205419,t
36241KMC9,782155,X,SP,20070501,20351215,21727866,t
3622AABE3,784637,X,SP,20181201,20410815,37405016,t
3622AAKZ6,784912,X,SP,20200201,20360815,6436492,f
36225BKR8,781204,X,SP,20000801,20300815,75005000,t
36225AZP8,780750,X,SP,19980301,20271215,126310188,t
36241K2X5,782590,X,SP,20090301,20390315,540005000,t
36241KSU3,782331,X,SP,20080601,20380415,246456032,t
3622AAXH2,785280,X,SP,20210101,20461115,113569128,t
36241LD94,782828,X,SP,20091201,20391115,150005000,f
36225BAC2,780903,X,SP,19981101,20221215,273134063,t
3622A2XG2,784279,X,SP,20170301,20381115,27870014,f
36241L2C9,783471,X,SP,20111101,20411015,50005000,t
36241LC95,782796,X,SP,20091001,20340815,12003333,t
36241KAZ1,781824,X,SP,20041101,20341115,100005000,t
36225BRA8,781381,X,SP,20011201,20311215,1000005000,t
36241LTD8,783248,X,SP,20110201,20410215,55005000,t
36241KGS1,782009,X,SP,20051201,20350915,100005000,t
36241KXL7,782483,X,SP,20081201,20381215,200005000,t
3622A2QW5,784069,X,SP,20151201,20400615,13518732,t
3622A2LL4,783931,X,SP,20141001,20410615,91150114,t
3622AA6R0,785480,X,SP,20210501,20471115,9217718,t
3622AA6B5,785466,X,SP,20210501,20381015,5252886,t
3622AA6C3,785467,X,SP,20210501,20360615,5148929,f
36225B4B1,781718,X,SP,20040301,20340215,200005000,t
3622A2NU2,784003,X,SP,20150501,20310715,19411599,t
3622A22H4,784376,X,SP,20171001,20380215,5010805,t
3622AAD68,784725,X,SP,20190501,20320715,5001887,t
36241LF43,782887,X,SP,20100201,20400215,530005000,t
3622A3AA8,784501,X,SP,20180601,20450915,11054662,t
36225BTM0,781456,X,SP,20020601,20320215,200005000,t
36241KTJ7,782353,X,SP,20080601,20380615,102790099,t
36241KZA9,782537,X,SP,20090101,20381215,500005000,t
3622AARJ5,785089,M,SP,20200801,20470120,128865301,t
36241KCM8,781876,X,SP,20050201,20341215,100005450,t
3622AAS96,785144,M,SP,20201001,20401020,5761046,t
36225BV39,781534,M,SP,20021201,20320720,300005000,t
36241KUD8,782380,X,SP,20080801,20320815,15248371,t
36225A4T4,780834,X,SP,19980701,20271115,151500000,t
36241LKN5,783001,X,SP,20100601,20400215,100005000,f
36241L5X0,783562,X,SP,20120401,20400615,10005000,t
36225BSH2,781420,X,SP,20020301,20320315,1000005000,t
36241LSD9,783216,X,SP,20110101,20401115,50005000,f
36241LD86,782827,X,SP,20091201,20391115,250005000,f
36241KL63,782149,X,SP,20070401,20370315,100005000,t
3622A2TV4,784164,X,SP,20160501,20460515,189001000,t
36241KFU7,781979,M,SP,20050801,20350820,166853523,t
36225BMJ4,781261,X,SP,20010301,20310215,100005000,t
3622AAEB6,784730,X,SP,20190501,20390115,8854893,t
36241KAP3,781814,X,SP,20041001,20341015,500005000,t
3622AAJN5,784869,X,SP,20191201,20480615,14616395,t
36241KYX0,782526,X,SP,20081201,20361215,370005000,t
36225BYJ1,781613,X,SP,20030501,20330215,100005000,t
36225BVZ8,781532,X,SP,20021201,20320815,30005000,t
3622AAFS8,784777,X,SP,20190701,20310915,5218901,t
36225A3U2,780811,X,SP,19980601,20280515,150005000,t
36225BPL6,781327,X,SP,20010801,20251215,29331801,t
36241L4F0,783522,X,SP,20120101,20420115,300005000,t
36241LB39,782758,X,SP,20090901,20390715,300005000,f
3622A2HP0,783838,X,SP,20131101,20410615,12005000,t
36241KEJ3,781937,X,SP,20050601,20350415,220005000,t
36241LRU2,783199,X,SP,20101201,20401215,50005000,t
36241K5H7,782648,X,SP,20090501,20390515,400005000,t
3622A2CK6,783674,X,SP,20121001,20301215,10855897,t
36241LEV4,782848,X,SP,20100101,20390815,10240677,t
3622A2SZ6,784136,X,SP,20160301,20460115,502029995,t
36241KSY5,782335,X,SP,20080601,20330115,13451926,t
3622A25U2,784459,X,SP,20180401,20461215,50008172,t
36225B6M5,781776,X,SP,20040701,20340715,95005000,t
36241LSM9,783224,M,SP,20110101,20401220,72123248,t
36241KHD3,782028,X,SP,20060101,20351115,10005000,f
36241KP77,782246,X,SP,20071201,20371215,200005000,t
3622A2DZ2,783720,X,SP,20130201,20400915,10005000,t
36225BQE1,781353,X,SP,20011101,20311115,100005000,t
36241LDJ2,782805,X,SP,20091101,20391115,670005000,f
36241KUJ5,782385,X,SP,20080801,20340815,16365971,t
36241KZV3,782556,X,SP,20090201,20390115,100005000,t
36225B3C0,781695,X,SP,20040101,20330915,100005000,t
36241LNL6,783095,X,SP,20100901,20400915,100005000,t
36225BWJ3,781549,X,SP,20030101,20321115,1350005000,t
36241LL61,783049,M,SP,20100801,20320920,10032311,t
3622A2YV8,784324,X,SP,20170501,20460615,33478577,t
3622AASV7,785132,X,SP,20200901,20380115,15315566,t
3622AAQH0,785056,X,SP,20200601,20470315,22164827,t
36241KQT8,782266,X,SP,20080201,20380215,765005000,t
36241KB64,781861,X,SP,20050101,20350115,200005000,t
3622A2CS9,783681,X,SP,20121001,20421015,224699644,t
36241KJQ2,782071,X,SP,20060301,20330515,117643091,t
3622A2NS7,784001,X,SP,20150501,20340315,14805928,f
3622A2HQ8,783839,X,SP,20131101,20420415,51665042,f
36241KVE5,782413,X,SP,20081001,20260215,10454830,f
3622AAFG4,784767,X,SP,20190601,20470115,12956636,t
36241KPY8,782239,X,SP,20071201,20371215,500005000,t
36225BXZ6,781596,X,SP,20030501,20240715,21762621,t
3622A2UK6,784186,X,SP,20160801,20431015,58121714,t
